admission_improvement,bootstrap_95_interval,case,complete_blocks,iqr,median,median_regression_over_20_percent,metric,mode,paired_blocks,paired_median_ratio,process_counts,route,same_output
False,"[1.0, 1.0]",k4/q0,10,0.00689677499985919,0.15856470000016998,False,cold_block_seconds,timing,10,1.0,"{""completed"": 10}",r0,True
False,"[1.0, 1.0]",k4/q0,10,99328.0,27121664.0,False,peak_rss_bytes,rss,10,1.0,"{""completed"": 10}",r0,True
False,"[1.0217404421745746, 1.1603262215742622]",k4/q0,10,0.01609357500092301,0.1685770499998398,False,cold_block_seconds,timing,10,1.0539391718102609,"{""completed"": 10}",reference,True
False,"[1.0034586466165414, 1.0123105571762454]",k4/q0,10,140288.0,27355136.0,False,peak_rss_bytes,rss,10,1.007782417396288,"{""completed"": 10}",reference,True
False,"[1.1050124858383121, 1.2434021310807273]",k4/q0,10,0.009964800000034302,0.1804485500001647,False,cold_block_seconds,timing,10,1.1533409886270887,"{""completed"": 10}",integrated,True
False,"[1.0279949219311202, 1.035608857730493]",k4/q0,10,53248.0,27975680.0,False,peak_rss_bytes,rss,10,1.0304391328405536,"{""completed"": 10}",integrated,True
False,"[1.0155898319637133, 1.154668056677984]",k4/q0,10,0.013645799999494557,0.17060199999968972,False,cold_block_seconds,timing,10,1.0567380182644308,"{""completed"": 10}",native_explicit,True
False,"[1.0155907100431412, 1.0277233689920144]",k4/q0,10,152576.0,27740160.0,False,peak_rss_bytes,rss,10,1.0248499907681268,"{""completed"": 10}",native_explicit,True
False,"[1.0, 1.0]",k4/q1,10,0.008847600000081002,0.15944995000018025,False,cold_block_seconds,timing,10,1.0,"{""completed"": 10}",r0,True
False,"[1.0, 1.0]",k4/q1,10,80896.0,27152384.0,False,peak_rss_bytes,rss,10,1.0,"{""completed"": 10}",r0,True
False,"[1.010295665203121, 1.0891345818890197]",k4/q1,10,0.01180492500066066,0.16815435000034995,False,cold_block_seconds,timing,10,1.0379194262735127,"{""completed"": 10}",reference,True
False,"[1.0056416316069634, 1.0156237082974582]",k4/q1,10,139264.0,27426816.0,False,peak_rss_bytes,rss,10,1.01163410111295,"{""completed"": 10}",reference,True
False,"[1.123796847949824, 1.2455075163599199]",k4/q1,10,0.009894550000353775,0.18685270000014498,False,cold_block_seconds,timing,10,1.1718648482264002,"{""completed"": 10}",integrated,True
False,"[1.031419472746076, 1.0384673404736762]",k4/q1,10,99328.0,28041216.0,False,peak_rss_bytes,rss,10,1.0321996986768887,"{""completed"": 10}",integrated,True
False,"[1.0, 1.0]",k4/q8,10,0.01763559999994868,0.18393555000011474,False,cold_block_seconds,timing,10,1.0,"{""completed"": 10}",r0,True
False,"[1.0, 1.0]",k4/q8,10,122880.0,27336704.0,False,peak_rss_bytes,rss,10,1.0,"{""completed"": 10}",r0,True
False,"[1.0006591458845482, 1.0496369070717348]",k4/q8,10,0.008243149999543675,0.1910062500001004,False,cold_block_seconds,timing,10,1.0327730731068727,"{""completed"": 10}",reference,True
False,"[1.0047073061367569, 1.0138325063900164]",k4/q8,10,58368.0,27592704.0,False,peak_rss_bytes,rss,10,1.0111052780526044,"{""completed"": 10}",reference,True
False,"[1.1256733343077552, 1.1803151695390557]",k4/q8,10,0.016291124999952444,0.2135307999997167,False,cold_block_seconds,timing,10,1.1572132166836087,"{""completed"": 10}",integrated,True
False,"[1.0251180614588002, 1.0337736415490844]",k4/q8,10,116736.0,28174336.0,False,peak_rss_bytes,rss,10,1.0306558577522527,"{""completed"": 10}",integrated,True
False,"[1.0, 1.0]",k4/q64,10,0.023212649999777568,0.36682040000005145,False,cold_block_seconds,timing,10,1.0,"{""completed"": 10}",r0,True
False,"[1.0, 1.0]",k4/q64,10,76800.0,27820032.0,False,peak_rss_bytes,rss,10,1.0,"{""completed"": 10}",r0,True
False,"[0.9990049813088786, 1.0508989839380525]",k4/q64,10,0.017568974999676357,0.37717685000006895,False,cold_block_seconds,timing,10,1.0330072844317866,"{""completed"": 10}",reference,True
False,"[1.007955215085445, 1.0138990438331623]",k4/q64,10,102400.0,28129280.0,False,peak_rss_bytes,rss,10,1.011322578930506,"{""completed"": 10}",reference,True
False,"[1.0020486317404342, 1.0867260733265922]",k4/q64,10,0.01872660000049109,0.3818170000004102,False,cold_block_seconds,timing,10,1.0579607669107935,"{""completed"": 10}",integrated,True
False,"[1.0280511088265532, 1.032954041672824]",k4/q64,10,62464.0,28651520.0,False,peak_rss_bytes,rss,10,1.0301914921891187,"{""completed"": 10}",integrated,True
False,"[0.9687598648586556, 1.0589267558054898]",k4/q64,10,0.019648550000056275,0.3693383499999072,False,cold_block_seconds,timing,10,1.0061476482148155,"{""completed"": 10}",native_explicit,True
False,"[1.0230137789504543, 1.0278314947026468]",k4/q64,10,67584.0,28520448.0,False,peak_rss_bytes,rss,10,1.0256790026564853,"{""completed"": 10}",native_explicit,True
False,"[1.3106949837860418, 1.3975445220658416]",k4/q64,10,0.01610415000050125,0.49671589999979915,True,cold_block_seconds,timing,10,1.3688278311344806,"{""completed"": 10}",factorized_scalar,True
False,"[1.0226045943100868, 1.0251836203768088]",k4/q64,10,72704.0,28479488.0,False,peak_rss_bytes,rss,10,1.0236013490214746,"{""completed"": 10}",factorized_scalar,True
False,"[1.017769211947811, 1.0502760153937862]",k4/q64,10,0.01530702500008374,0.37890985000012734,False,cold_block_seconds,timing,10,1.040125435635449,"{""completed"": 10}",factorized_batch,True
False,"[1.024976516573132, 1.0306106353351703]",k4/q64,10,90112.0,28598272.0,False,peak_rss_bytes,rss,10,1.0279843467993421,"{""completed"": 10}",factorized_batch,True
False,"[1.0, 1.0]",k4/q1024,10,0.11657270000000608,3.549655549999443,False,cold_block_seconds,timing,10,1.0,"{""completed"": 10}",r0,True
False,"[1.0, 1.0]",k4/q1024,10,380928.0,34314240.0,False,peak_rss_bytes,rss,10,1.0,"{""completed"": 10}",r0,True
False,"[0.968765848309838, 1.0046953791105913]",k4/q1024,10,0.08713122499989367,3.4862640000001193,False,cold_block_seconds,timing,10,0.9840973970655793,"{""completed"": 10}",reference,True
False,"[0.992754483905452, 1.011840345466842]",k4/q1024,10,178176.0,34435072.0,False,peak_rss_bytes,rss,10,1.0007217193219222,"{""completed"": 10}",reference,True
True,"[0.9297212331281435, 0.961683190794452]",k4/q1024,10,0.08462790000066889,3.375377800000024,False,cold_block_seconds,timing,10,0.9476955572828402,"{""completed"": 10}",integrated,True
False,"[1.0158843053579896, 1.0322104926273357]",k4/q1024,10,214016.0,35182592.0,False,peak_rss_bytes,rss,10,1.0292541256806083,"{""completed"": 10}",integrated,True
True,"[0.9259328110177116, 0.9630308070401374]",k4/q1024,10,0.09134807500026909,3.330047099999774,False,cold_block_seconds,timing,10,0.9492380805369595,"{""completed"": 10}",native_explicit,True
False,"[1.0252999168547334, 1.03971119133574]",k4/q1024,10,121856.0,35432448.0,False,peak_rss_bytes,rss,10,1.0341389796508866,"{""completed"": 10}",native_explicit,True
False,"[1.0, 1.0]",geometry/rational,10,0.03129412499947648,0.3710401500002263,False,cold_block_seconds,timing,10,1.0,"{""completed"": 10}",r0,True
False,"[1.0, 1.0]",geometry/rational,10,197632.0,27850752.0,False,peak_rss_bytes,rss,10,1.0,"{""completed"": 10}",r0,True
False,"[0.9763056650774818, 1.0504055548763183]",geometry/rational,10,0.014638524999782021,0.3749926000000414,False,cold_block_seconds,timing,10,0.9987429540401201,"{""completed"": 10}",reference,True
False,"[1.0056421764844607, 1.0164768083183962]",geometry/rational,10,107520.0,28153856.0,False,peak_rss_bytes,rss,10,1.0096331947865893,"{""completed"": 10}",reference,True
False,"[1.0349804166260732, 1.0855377401508992]",geometry/rational,10,0.022134850000384176,0.39409219999970446,False,cold_block_seconds,timing,10,1.0470408130972124,"{""completed"": 10}",integrated,True
False,"[1.0231366232244838, 1.0347877358490567]",geometry/rational,10,124928.0,28702720.0,False,peak_rss_bytes,rss,10,1.0288614623840269,"{""completed"": 10}",integrated,True
False,"[1.0, 1.0]",geometry/bigint,10,0.01213792500038835,0.3710762000005161,False,cold_block_seconds,timing,10,1.0,"{""completed"": 10}",r0,True
False,"[1.0, 1.0]",geometry/bigint,10,145408.0,27918336.0,False,peak_rss_bytes,rss,10,1.0,"{""completed"": 10}",r0,True
False,"[0.9670671254157642, 1.009594931096587]",geometry/bigint,10,0.023532749999731095,0.3669110499999988,False,cold_block_seconds,timing,10,0.9907169849066932,"{""completed"": 10}",reference,True
False,"[1.0008043156940365, 1.0136104071282377]",geometry/bigint,10,190464.0,28073984.0,False,peak_rss_bytes,rss,10,1.0059410998388971,"{""completed"": 10}",reference,True
False,"[1.0096647945200827, 1.083945844231543]",geometry/bigint,10,0.03688462500008427,0.38404255000023113,False,cold_block_seconds,timing,10,1.0325742328311325,"{""completed"": 10}",integrated,True
False,"[1.0218929420811815, 1.033167009098914]",geometry/bigint,10,258048.0,28628992.0,False,peak_rss_bytes,rss,10,1.0293336581874653,"{""completed"": 10}",integrated,True
False,"[1.0, 1.0]",geometry/euclidean_float,10,0.020137799999474737,0.30966750000015963,False,cold_block_seconds,timing,10,1.0,"{""completed"": 10}",r0,True
False,"[1.0, 1.0]",geometry/euclidean_float,10,91136.0,27383808.0,False,peak_rss_bytes,rss,10,1.0,"{""completed"": 10}",r0,True
False,"[1.0096298103521428, 1.0893194775069717]",geometry/euclidean_float,10,0.023025100000495513,0.32522549999976036,False,cold_block_seconds,timing,10,1.0553447070767423,"{""completed"": 10}",reference,True
False,"[1.0085202661019446, 1.016051605160516]",geometry/euclidean_float,10,55296.0,27717632.0,False,peak_rss_bytes,rss,10,1.0121907799037313,"{""completed"": 10}",reference,True
False,"[1.0539509285635886, 1.2579999424083366]",geometry/euclidean_float,10,0.02791075000050114,0.3475322999997843,False,cold_block_seconds,timing,10,1.1048985911041769,"{""completed"": 10}",integrated,True
False,"[1.0265516534144385, 1.0322767451629618]",geometry/euclidean_float,10,47104.0,28186624.0,False,peak_rss_bytes,rss,10,1.028985599765729,"{""completed"": 10}",integrated,True
False,"[1.0, 1.0]",dimension/h0_interval_stage_1,10,0.00920927499987556,0.16547945000002073,False,cold_block_seconds,timing,10,1.0,"{""completed"": 10}",r0,True
False,"[1.0, 1.0]",dimension/h0_interval_stage_1,10,125952.0,27150336.0,False,peak_rss_bytes,rss,10,1.0,"{""completed"": 10}",r0,True
False,"[1.006156603997462, 1.1089188642460757]",dimension/h0_interval_stage_1,10,0.00903692500037323,0.16965299999992567,False,cold_block_seconds,timing,10,1.046085060796159,"{""completed"": 10}",reference,True
False,"[1.0076645626690712, 1.012096876799421]",dimension/h0_interval_stage_1,10,59392.0,27437056.0,False,peak_rss_bytes,rss,10,1.0098104318159125,"{""completed"": 10}",reference,True
False,"[1.0339358330293904, 1.1101169589036763]",dimension/h0_interval_stage_1,10,0.005846649999966758,0.17418504999977813,False,cold_block_seconds,timing,10,1.0802812664811594,"{""completed"": 10}",integrated,True
False,"[1.0191092386397833, 1.0261232445572432]",dimension/h0_interval_stage_1,10,64512.0,27762688.0,False,peak_rss_bytes,rss,10,1.0231573193563592,"{""completed"": 10}",integrated,True
False,"[1.0, 1.0]",dimension/h2_euclidean_one_hole,10,0.023375725000050807,0.20514779999984967,False,cold_block_seconds,timing,10,1.0,"{""completed"": 10}",r0,True
False,"[1.0, 1.0]",dimension/h2_euclidean_one_hole,10,69632.0,27504640.0,False,peak_rss_bytes,rss,10,1.0,"{""completed"": 10}",r0,True
False,"[0.9245798398501844, 1.0449545197213541]",dimension/h2_euclidean_one_hole,10,0.02738897499966697,0.20947849999993196,False,cold_block_seconds,timing,10,0.9941702258967825,"{""completed"": 10}",reference,True
False,"[1.0046130952380952, 1.0112040633403048]",dimension/h2_euclidean_one_hole,10,73728.0,27721728.0,False,peak_rss_bytes,rss,10,1.007438328187047,"{""completed"": 10}",reference,True
False,"[1.0666874158866244, 1.1831942926756855]",dimension/h2_euclidean_one_hole,10,0.009350925000262578,0.23937684999964404,False,cold_block_seconds,timing,10,1.161812238279221,"{""completed"": 10}",integrated,True
False,"[1.0254464285714286, 1.0341573002531073]",dimension/h2_euclidean_one_hole,10,144384.0,28264448.0,False,peak_rss_bytes,rss,10,1.0286773166608159,"{""completed"": 10}",integrated,True
False,"[1.0, 1.0]",dimension/h3_euclidean_one_hole,10,0.020303125000282307,0.2345855999997184,False,cold_block_seconds,timing,10,1.0,"{""completed"": 10}",r0,True
False,"[1.0, 1.0]",dimension/h3_euclidean_one_hole,10,43008.0,27654144.0,False,peak_rss_bytes,rss,10,1.0,"{""completed"": 10}",r0,True
False,"[0.9907216401812868, 1.029033574004533]",dimension/h3_euclidean_one_hole,10,0.011358924999512965,0.23895374999983687,False,cold_block_seconds,timing,10,1.0124807954659325,"{""completed"": 10}",reference,True
False,"[1.0061322576181826, 1.0134011370014788]",dimension/h3_euclidean_one_hole,10,118784.0,27955200.0,False,peak_rss_bytes,rss,10,1.0114274871848299,"{""completed"": 10}",reference,True
False,"[1.1555865645506171, 1.263876323370946]",dimension/h3_euclidean_one_hole,10,0.03415902499978074,0.2844953999997415,True,cold_block_seconds,timing,10,1.2218728007544215,"{""completed"": 10}",integrated,True
False,"[1.0320910973084887, 1.0368718406184954]",dimension/h3_euclidean_one_hole,10,97280.0,28588032.0,False,peak_rss_bytes,rss,10,1.034252446770414,"{""completed"": 10}",integrated,True
False,"[1.0, 1.0]",wide/n65/beta2/q8,10,0.018769474999771774,0.8481210500003726,False,cold_block_seconds,timing,10,1.0,"{""completed"": 10}",r0,True
False,"[1.0, 1.0]",wide/n65/beta2/q8,10,146432.0,27127808.0,False,peak_rss_bytes,rss,10,1.0,"{""completed"": 10}",r0,True
False,"[1.1267488674173756, 1.1567344401929451]",wide/n65/beta2/q8,10,0.02235552500042104,0.9676993500002027,False,cold_block_seconds,timing,10,1.1500927971882164,"{""completed"": 10}",reference,True
False,"[1.0046588518184552, 1.010725075528701]",wide/n65/beta2/q8,10,82944.0,27406336.0,False,peak_rss_bytes,rss,10,1.010101048707139,"{""completed"": 10}",reference,True
False,"[1.89929706945386, 1.996550860870491]",wide/n65/beta2/q8,10,0.02781324999955359,1.655756449999899,True,cold_block_seconds,timing,10,1.951370223729003,"{""completed"": 10}",integrated,True
False,"[1.0153291253381425, 1.0270392749244712]",wide/n65/beta2/q8,10,166912.0,27758592.0,False,peak_rss_bytes,rss,10,1.0215927873434456,"{""completed"": 10}",integrated,True
False,"[1.0, 1.0]",wide/n65/beta2/q64,10,0.056070374999990236,1.3353449500000352,False,cold_block_seconds,timing,10,1.0,"{""completed"": 10}",r0,True
False,"[1.0, 1.0]",wide/n65/beta2/q64,10,87040.0,28030976.0,False,peak_rss_bytes,rss,10,1.0,"{""completed"": 10}",r0,True
False,"[1.06219220871978, 1.1216376269763735]",wide/n65/beta2/q64,10,0.08520387500016113,1.4420928499998809,False,cold_block_seconds,timing,10,1.0846617490869197,"{""completed"": 10}",reference,True
False,"[1.0028375850886697, 1.0092051431911162]",wide/n65/beta2/q64,10,126976.0,28164096.0,False,peak_rss_bytes,rss,10,1.005327154649213,"{""completed"": 10}",reference,True
False,"[1.3424280507320092, 1.4337172415443677]",wide/n65/beta2/q64,10,0.10115232500061211,1.8483848500000022,True,cold_block_seconds,timing,10,1.3984010162215361,"{""completed"": 10}",integrated,True
False,"[1.0147531405200116, 1.0233744899157893]",wide/n65/beta2/q64,10,139264.0,28563456.0,False,peak_rss_bytes,rss,10,1.019337359648395,"{""completed"": 10}",integrated,True
True,"[0.4716677025936522, 0.4857775709176458]",wide/n65/beta2/q64,10,0.026049475000263556,0.6291093499999079,False,cold_block_seconds,timing,10,0.47780021488996166,"{""completed"": 10}",hc_workspace,True
False,"[1.0102294315358762, 1.0159760921252785]",wide/n65/beta2/q64,10,41984.0,28397568.0,False,peak_rss_bytes,rss,10,1.0132211269731615,"{""completed"": 10}",hc_workspace,True
False,"[1.920501828132992, 2.011782230966155]",wide/n65/beta2/q64,10,0.06264614999986406,2.609808950000115,True,cold_block_seconds,timing,10,1.9651568933135772,"{""completed"": 10}",factorized_scalar,True
False,"[1.00969966877773, 1.0173244093873846]",wide/n65/beta2/q64,10,83968.0,28393472.0,False,peak_rss_bytes,rss,10,1.0131666984936587,"{""completed"": 10}",factorized_scalar,True
False,"[1.350418274021252, 1.4162932490776683]",wide/n65/beta2/q64,10,0.04318012500016266,1.8347131500004252,True,cold_block_seconds,timing,10,1.3782892667134692,"{""completed"": 10}",factorized_batch,True
False,"[1.0140991952538685, 1.0193521007250599]",wide/n65/beta2/q64,10,114688.0,28489728.0,False,peak_rss_bytes,rss,10,1.0175126771779794,"{""completed"": 10}",factorized_batch,True
False,"[1.0, 1.0]",wide/n65/beta64/q8,10,0.019051325000873476,0.5490806500001781,False,cold_block_seconds,timing,10,1.0,"{""completed"": 10}",r0,True
False,"[1.0, 1.0]",wide/n65/beta64/q8,10,56320.0,27090944.0,False,peak_rss_bytes,rss,10,1.0,"{""completed"": 10}",r0,True
False,"[1.0939257682615686, 1.1565960599171055]",wide/n65/beta64/q8,10,0.03441155000041363,0.6263378999997258,False,cold_block_seconds,timing,10,1.1375138795541828,"{""completed"": 10}",reference,True
False,"[1.0081669691470054, 1.0150295132837017]",wide/n65/beta64/q8,10,96256.0,27406336.0,False,peak_rss_bytes,rss,10,1.0124694783862538,"{""completed"": 10}",reference,True
True,"[0.6255478760619643, 0.6717965174586223]",wide/n65/beta64/q8,10,0.025507800000241332,0.35483960000010484,False,cold_block_seconds,timing,10,0.6508041735426858,"{""completed"": 10}",integrated,True
False,"[1.0250906892382103, 1.033250736212801]",wide/n65/beta64/q8,10,162816.0,27867136.0,False,peak_rss_bytes,rss,10,1.029020805685927,"{""completed"": 10}",integrated,True
False,,wide/n65/beta64/q8,0,,,,cold_block_seconds,timing,0,,"{""completed"": 10}",native_explicit,
False,,wide/n65/beta64/q8,0,,,,peak_rss_bytes,rss,0,,"{""completed"": 10}",native_explicit,
False,"[1.0, 1.0]",wide/n65/beta64/q64,10,0.02311202499936371,1.0168187499998567,False,cold_block_seconds,timing,10,1.0,"{""completed"": 10}",r0,True
False,"[1.0, 1.0]",wide/n65/beta64/q64,10,55296.0,28004352.0,False,peak_rss_bytes,rss,10,1.0,"{""completed"": 10}",r0,True
False,"[1.0654035782195723, 1.12732759948793]",wide/n65/beta64/q64,10,0.058949975000132326,1.0968947500005015,False,cold_block_seconds,timing,10,1.0938193698677092,"{""completed"": 10}",reference,True
False,"[1.0043871692431694, 1.0110318216046175]",wide/n65/beta64/q64,10,71680.0,28250112.0,False,peak_rss_bytes,rss,10,1.0076065176133462,"{""completed"": 10}",reference,True
True,"[0.5278152560112818, 0.557906609162904]",wide/n65/beta64/q64,10,0.025979475000212915,0.5441751500002283,False,cold_block_seconds,timing,10,0.5371455327002772,"{""completed"": 10}",integrated,True
False,"[1.0122950819672132, 1.0215721973592657]",wide/n65/beta64/q64,10,171008.0,28522496.0,False,peak_rss_bytes,rss,10,1.017460133021342,"{""completed"": 10}",integrated,True
False,"[1.538541479357299, 1.5839138544263913]",wide/n65/beta64/q64,10,0.06995329999972455,1.577721449999899,True,cold_block_seconds,timing,10,1.559394103791802,"{""completed"": 10}",hc_workspace,True
False,"[1.0247292947029558, 1.0297711831956837]",wide/n65/beta64/q64,10,66560.0,28786688.0,False,peak_rss_bytes,rss,10,1.0288009821774584,"{""completed"": 10}",hc_workspace,True
False,"[1.0, 1.0]",wide/n129/beta2/q64,10,0.20956595000052403,6.355694449999646,False,cold_block_seconds,timing,10,1.0,"{""completed"": 10}",r0,True
False,"[1.0, 1.0]",wide/n129/beta2/q64,10,131072.0,29865984.0,False,peak_rss_bytes,rss,10,1.0,"{""completed"": 10}",r0,True
False,"[1.0973447280195088, 1.1219446065968401]",wide/n129/beta2/q64,10,0.0719606750001276,7.048586499999601,False,cold_block_seconds,timing,10,1.110606815169489,"{""completed"": 10}",reference,True
False,"[1.0142047608367082, 1.0202430726207197]",wide/n129/beta2/q64,10,95232.0,30443520.0,False,peak_rss_bytes,rss,10,1.0189120839292847,"{""completed"": 10}",reference,True
False,"[1.6717518557845155, 1.703357125910995]",wide/n129/beta2/q64,10,0.25608352499966713,10.739211449999857,True,cold_block_seconds,timing,10,1.68564375184458,"{""completed"": 10}",integrated,True
False,"[1.0285204230428144, 1.0376016272430773]",wide/n129/beta2/q64,10,139264.0,30849024.0,False,peak_rss_bytes,rss,10,1.0335321656106302,"{""completed"": 10}",integrated,True
False,"[1.0, 1.0]",family/constant/s48,10,0.16482870000004368,15.830593600000157,False,cold_block_seconds,timing,10,1.0,"{""completed"": 10}",r0,True
False,"[1.0, 1.0]",family/constant/s48,10,1244160.0,93229056.0,False,peak_rss_bytes,rss,10,1.0,"{""completed"": 10}",r0,True
True,"[0.19131137215214997, 0.19808607945326231]",family/constant/s48,10,0.09199739999985468,3.113598450000154,False,cold_block_seconds,timing,10,0.1947997874446209,"{""completed"": 10}",reference,True
True,"[0.3899938933961441, 0.39591908998362324]",family/constant/s48,10,55296.0,36628480.0,False,peak_rss_bytes,rss,10,0.39316225279077666,"{""completed"": 10}",reference,True
True,"[0.23723032910186076, 0.24503899929732112]",family/constant/s48,10,0.1215649000000667,3.810537100000147,False,cold_block_seconds,timing,10,0.23923603528247492,"{""completed"": 10}",integrated,True
True,"[0.39565236369985596, 0.4024152879766434]",family/constant/s48,10,190464.0,37214208.0,False,peak_rss_bytes,rss,10,0.3987993804699837,"{""completed"": 10}",integrated,True
True,"[0.9554005032245817, 0.9712462934848106]",family/constant/s48,10,0.3727246999999352,15.375020150000182,False,cold_block_seconds,timing,10,0.9636657992248523,"{""completed"": 10}",legacy_family,True
False,"[1.001134925138592, 1.0204032123159614]",family/constant/s48,10,89088.0,94046208.0,False,peak_rss_bytes,rss,10,1.0088734811834812,"{""completed"": 10}",legacy_family,True
False,"[1.0, 1.0]",family/growing/s48,10,0.31540932500070085,14.98256180000044,False,cold_block_seconds,timing,10,1.0,"{""completed"": 10}",r0,True
False,"[1.0, 1.0]",family/growing/s48,10,890880.0,94656512.0,False,peak_rss_bytes,rss,10,1.0,"{""completed"": 10}",r0,True
True,"[0.18626244268711506, 0.1900135924183483]",family/growing/s48,10,0.0949917500004176,2.8042262499998287,False,cold_block_seconds,timing,10,0.1873651965480641,"{""completed"": 10}",reference,True
True,"[0.39391599090402024, 0.3967160558010571]",family/growing/s48,10,96256.0,37537792.0,False,peak_rss_bytes,rss,10,0.3959192570574793,"{""completed"": 10}",reference,True
True,"[0.2037683121032812, 0.21212439807515301]",family/growing/s48,10,0.15770512500034783,3.0755051999999523,False,cold_block_seconds,timing,10,0.2060768756007528,"{""completed"": 10}",integrated,True
True,"[0.40000858111297033, 0.4042977211680097]",family/growing/s48,10,113664.0,38205440.0,False,peak_rss_bytes,rss,10,0.40284752784823524,"{""completed"": 10}",integrated,True
True,"[0.9568556132490369, 0.9684721518638687]",family/growing/s48,10,0.2312831750002715,14.445709699999952,False,cold_block_seconds,timing,10,0.9618854112352965,"{""completed"": 10}",legacy_family,True
False,"[0.9897832684991237, 1.0043707806820148]",family/growing/s48,10,902144.0,94519296.0,False,peak_rss_bytes,rss,10,0.9952172516560783,"{""completed"": 10}",legacy_family,True
False,"[1.0, 1.0]",family/growing/s96,10,1.1918520749998152,57.42208100000016,False,cold_block_seconds,timing,10,1.0,"{""completed"": 10}",r0,True
False,"[1.0, 1.0]",family/growing/s96,10,77824.0,268582912.0,False,peak_rss_bytes,rss,10,1.0,"{""completed"": 10}",r0,True
True,"[0.08277722480163303, 0.0841155760519527]",family/growing/s96,10,0.08235142500006987,4.792516699999396,False,cold_block_seconds,timing,10,0.08333177698521123,"{""completed"": 10}",reference,True
True,"[0.15824058545509986, 0.16064607367400358]",family/growing/s96,10,416768.0,42557440.0,False,peak_rss_bytes,rss,10,0.15846265392052922,"{""completed"": 10}",reference,True
True,"[0.0937982895149919, 0.09608726816310227]",family/growing/s96,10,0.16267057500044757,5.496341900000516,False,cold_block_seconds,timing,10,0.09511396249245223,"{""completed"": 10}",integrated,True
True,"[0.16130850738540156, 0.16191800507544746]",family/growing/s96,10,113664.0,43358208.0,False,peak_rss_bytes,rss,10,0.16140492715669774,"{""completed"": 10}",integrated,True
True,"[0.9500262628086722, 0.9623337719508783]",family/growing/s96,10,1.0472199749999618,55.10704034999981,False,cold_block_seconds,timing,10,0.957634218818991,"{""completed"": 10}",legacy_family,True
True,"[0.9854815283495321, 0.9864267195363733]",family/growing/s96,10,143360.0,264857600.0,False,peak_rss_bytes,rss,10,0.9861046444999769,"{""completed"": 10}",legacy_family,True
False,"[1.0, 1.0]",certified/k4_exact,10,0.011907174999805648,0.23568699999987075,False,cold_block_seconds,timing,10,1.0,"{""completed"": 10}",r0,True
False,"[1.0, 1.0]",certified/k4_exact,10,57344.0,27537408.0,False,peak_rss_bytes,rss,10,1.0,"{""completed"": 10}",r0,True
False,"[1.034007733577355, 1.0980879730746602]",certified/k4_exact,10,0.022124649999568646,0.24823779999996987,False,cold_block_seconds,timing,10,1.0609034259985415,"{""completed"": 10}",reference,True
False,"[1.008553149122777, 1.015389592809703]",certified/k4_exact,10,139264.0,27877376.0,False,peak_rss_bytes,rss,10,1.01338919509003,"{""completed"": 10}",reference,True
False,"[0.9987052713421134, 1.0875689044227483]",certified/k4_exact,10,0.025050999999393753,0.2464372499998717,False,cold_block_seconds,timing,10,1.0397355150667282,"{""completed"": 10}",integrated,True
False,"[1.0197691474879897, 1.0260574641308902]",certified/k4_exact,10,71680.0,28162048.0,False,peak_rss_bytes,rss,10,1.0235227708641903,"{""completed"": 10}",integrated,True
False,"[1.0, 1.0]",certified/k4_greedy,10,0.020203649999302797,0.23379879999993136,False,cold_block_seconds,timing,10,1.0,"{""completed"": 10}",r0,True
False,"[1.0, 1.0]",certified/k4_greedy,10,70656.0,27428864.0,False,peak_rss_bytes,rss,10,1.0,"{""completed"": 10}",r0,True
False,"[1.026843348473974, 1.0788191347146585]",certified/k4_greedy,10,0.015388800000437186,0.2434341500006667,False,cold_block_seconds,timing,10,1.0526165204457425,"{""completed"": 10}",reference,True
False,"[1.01100951280037, 1.0172517251725173]",certified/k4_greedy,10,97280.0,27830272.0,False,peak_rss_bytes,rss,10,1.0141855259603048,"{""completed"": 10}",reference,True
False,"[1.0149596708004998, 1.121230450416137]",certified/k4_greedy,10,0.024543274999814457,0.24133405000020502,False,cold_block_seconds,timing,10,1.0811069956273445,"{""completed"": 10}",integrated,True
False,"[1.0241935483870968, 1.030475052285629]",certified/k4_greedy,10,126976.0,28153856.0,False,peak_rss_bytes,rss,10,1.0261921709498705,"{""completed"": 10}",integrated,True
False,"[1.0, 1.0]",certified/cut_rank2,10,0.02690744999972594,0.3439026500000182,False,cold_block_seconds,timing,10,1.0,"{""completed"": 10}",r0,True
False,"[1.0, 1.0]",certified/cut_rank2,10,118784.0,27529216.0,False,peak_rss_bytes,rss,10,1.0,"{""completed"": 10}",r0,True
False,"[1.054651510653316, 1.1204859588813263]",certified/cut_rank2,10,0.03932750000035412,0.3750556500003768,False,cold_block_seconds,timing,10,1.095867122805177,"{""completed"": 10}",reference,True
False,"[1.0063684834123223, 1.0167064439140812]",certified/cut_rank2,10,80896.0,27863040.0,False,peak_rss_bytes,rss,10,1.0112334446671896,"{""completed"": 10}",reference,True
True,"[0.9605470664198786, 0.9882934494161696]",certified/cut_rank2,10,0.026849849999962316,0.3446688499998345,False,cold_block_seconds,timing,10,0.9759677640720615,"{""completed"": 10}",integrated,True
False,"[1.0211355644924855, 1.0277777777777777]",certified/cut_rank2,10,73728.0,28190720.0,False,peak_rss_bytes,rss,10,1.023293960849655,"{""completed"": 10}",integrated,True
False,"[1.0, 1.0]",certified/cyclic_m4,10,0.009191950000285942,0.5417747500000587,False,cold_block_seconds,timing,10,1.0,"{""completed"": 10}",r0,True
False,"[1.0, 1.0]",certified/cyclic_m4,10,72704.0,27420672.0,False,peak_rss_bytes,rss,10,1.0,"{""completed"": 10}",r0,True
False,"[1.0762560427013759, 1.1634753247136698]",certified/cyclic_m4,10,0.05279452500053594,0.5930728499997713,False,cold_block_seconds,timing,10,1.1080286726498134,"{""completed"": 10}",reference,True
False,"[1.0188700287659855, 1.028240949376596]",certified/cyclic_m4,10,130048.0,28047360.0,False,peak_rss_bytes,rss,10,1.0225866842835265,"{""completed"": 10}",reference,True
False,"[1.0180336235372942, 1.050965875270461]",certified/cyclic_m4,10,0.030025199999727192,0.5580871000001935,False,cold_block_seconds,timing,10,1.0328786146967048,"{""completed"": 10}",integrated,True
False,"[1.0600804333368357, 1.0661158500645127]",certified/cyclic_m4,10,105472.0,29159424.0,False,peak_rss_bytes,rss,10,1.0637420869543004,"{""completed"": 10}",integrated,True
False,"[1.0, 1.0]",certified/k4_bigint,10,0.010538800000176707,0.2284175999998297,False,cold_block_seconds,timing,10,1.0,"{""completed"": 10}",r0,True
False,"[1.0, 1.0]",certified/k4_bigint,10,110592.0,27498496.0,False,peak_rss_bytes,rss,10,1.0,"{""completed"": 10}",r0,True
False,"[1.0497205774175016, 1.0966107974269472]",certified/k4_bigint,10,0.01819954999973561,0.2474552999997286,False,cold_block_seconds,timing,10,1.0736369648275916,"{""completed"": 10}",reference,True
False,"[1.0088397118881434, 1.0156875051422065]",certified/k4_bigint,10,62464.0,27832320.0,False,peak_rss_bytes,rss,10,1.0130874507669907,"{""completed"": 10}",reference,True
False,"[1.0418610783786686, 1.1282011103335545]",certified/k4_bigint,10,0.020844925000346848,0.24740895000013552,False,cold_block_seconds,timing,10,1.0844555805313414,"{""completed"": 10}",integrated,True
False,"[1.0200601052912461, 1.0258672248803828]",certified/k4_bigint,10,112640.0,28127232.0,False,peak_rss_bytes,rss,10,1.0212050539506035,"{""completed"": 10}",integrated,True
False,,certified/k4_interrupted,0,,,,cold_block_seconds,timing,0,,"{""completed"": 10}",r0,
False,,certified/k4_interrupted,0,,,,peak_rss_bytes,rss,0,,"{""completed"": 10}",r0,
False,,certified/k4_interrupted,0,,,,cold_block_seconds,timing,0,,"{""completed"": 10}",reference,
False,,certified/k4_interrupted,0,,,,peak_rss_bytes,rss,0,,"{""completed"": 10}",reference,
False,,certified/k4_interrupted,0,,,,cold_block_seconds,timing,0,,"{""completed"": 10}",integrated,
False,,certified/k4_interrupted,0,,,,peak_rss_bytes,rss,0,,"{""completed"": 10}",integrated,
False,,certified/floating_unavailable,0,,,,cold_block_seconds,timing,0,,"{""completed"": 10}",r0,
False,,certified/floating_unavailable,0,,,,peak_rss_bytes,rss,0,,"{""completed"": 10}",r0,
False,,certified/floating_unavailable,0,,,,cold_block_seconds,timing,0,,"{""completed"": 10}",reference,
False,,certified/floating_unavailable,0,,,,peak_rss_bytes,rss,0,,"{""completed"": 10}",reference,
False,,certified/floating_unavailable,0,,,,cold_block_seconds,timing,0,,"{""completed"": 10}",integrated,
False,,certified/floating_unavailable,0,,,,peak_rss_bytes,rss,0,,"{""completed"": 10}",integrated,
False,,failure/feasible_entries0,0,,,,cold_block_seconds,timing,0,,"{""completed"": 10}",r0,
False,,failure/feasible_entries0,0,,,,peak_rss_bytes,rss,0,,"{""completed"": 10}",r0,
False,,failure/feasible_entries0,0,,,,cold_block_seconds,timing,0,,"{""completed"": 10}",reference,
False,,failure/feasible_entries0,0,,,,peak_rss_bytes,rss,0,,"{""completed"": 10}",reference,
False,,failure/feasible_entries0,0,,,,cold_block_seconds,timing,0,,"{""completed"": 10}",integrated,
False,,failure/feasible_entries0,0,,,,peak_rss_bytes,rss,0,,"{""completed"": 10}",integrated,
