case,route,scope,mode,samples,successful_samples,median,q1,q3,unit,workload,query_count,cold_repeats,warm_repeats,process_states,library_states,reference_paired_blocks,reference_mismatched_blocks,reference_paired_median_ratio,reference_ci_low,reference_ci_high,reference_interpretation,gudhi_paired_blocks,gudhi_mismatched_blocks,gudhi_paired_median_ratio,gudhi_ci_low,gudhi_ci_high,gudhi_interpretation
small_beta/grid_10x2/Topology,r0,cold,timing,10,10,0.36153994999949646,0.3527011500000299,0.37637295000240556,seconds,Topology,0,1,5,"{""completed"":10}","{""Computed"":10}",10,0,1.1075410512258888,1.0401581229366217,1.226175874302284,same output/solver/certification ratio,10,0,1.7636333101797241,1.5682706058321514,1.8849790067720744,same topology ratio
small_beta/grid_10x2/Topology,reference,cold,timing,10,10,0.3256567000007635,0.3150831000020844,0.3342138999996678,seconds,Topology,0,1,5,"{""completed"":10}","{""Computed"":10}",10,0,1.0,1.0,1.0,same output/solver/certification ratio,10,0,1.5657859433607808,1.468678322836944,1.6276965766462803,same topology ratio
small_beta/grid_10x2/Topology,integrated,cold,timing,10,10,0.410178949998226,0.3931179749979492,0.4470101999986582,seconds,Topology,0,1,5,"{""completed"":10}","{""Computed"":10}",10,0,1.2747216480509564,1.1646029132814126,1.4199422605733982,same output/solver/certification ratio,10,0,1.907159776044089,1.8558380666142935,2.201973700564186,same topology ratio
small_beta/grid_10x2/Topology,gudhi,cold,timing,10,10,0.20888009999907808,0.20491507499991712,0.22421265000048152,seconds,Topology,0,1,5,"{""completed"":10}","{""Computed"":10}",0,0,,,,same output/solver/certification ratio,10,0,1.0,1.0,1.0,same topology ratio
small_beta/grid_10x2/Topology,r0,cold,rss,10,10,30445568.0,30370816.0,30524416.0,bytes,Topology,0,1,5,"{""completed"":10}","{""Computed"":10}",10,0,0.9980532062986338,0.9948814655172413,1.0067594970934162,same output/solver/certification ratio,10,0,0.7916170315576757,0.7886494579500203,0.7950478912825538,same topology ratio
small_beta/grid_10x2/Topology,reference,cold,rss,10,10,30488576.0,30411776.0,30543872.0,bytes,Topology,0,1,5,"{""completed"":10}","{""Computed"":10}",10,0,1.0,1.0,1.0,same output/solver/certification ratio,10,0,0.7919376151780474,0.788625624074658,0.7959684300341296,same topology ratio
small_beta/grid_10x2/Topology,integrated,cold,rss,10,10,31051776.0,30976000.0,31114240.0,bytes,Topology,0,1,5,"{""completed"":10}","{""Computed"":10}",10,0,1.0190953438011643,1.0162992566209355,1.022889457385216,same output/solver/certification ratio,10,0,0.8067647792607605,0.8054648332780263,0.8118600682593856,same topology ratio
small_beta/grid_10x2/Topology,gudhi,cold,rss,10,10,38436864.0,38404096.0,38513664.0,bytes,Topology,0,1,5,"{""completed"":10}","{""Computed"":10}",0,0,,,,same output/solver/certification ratio,10,0,1.0,1.0,1.0,same topology ratio
small_beta/grid_10x2/Topology,r0,warm,timing,10,10,0.000946150001254864,0.0008525999992343714,0.0009957249994840822,seconds,Topology,0,1,5,"{""completed"":10}","{""Computed"":10}",10,0,2.054680311927821,1.873097920587246,2.5659155683632844,same output/solver/certification ratio,10,0,11.447116224855815,10.098560379671234,13.168890912324263,same topology ratio
small_beta/grid_10x2/Topology,reference,warm,timing,10,10,0.00043714999810617883,0.0003891750002367189,0.0004592749992298195,seconds,Topology,0,1,5,"{""completed"":10}","{""Computed"":10}",10,0,1.0,1.0,1.0,same output/solver/certification ratio,10,0,5.176062818344461,4.411960127268826,6.0525689634847994,same topology ratio
small_beta/grid_10x2/Topology,integrated,warm,timing,10,10,0.0004369000016595237,0.00040387500121141784,0.0004913499997201143,seconds,Topology,0,1,5,"{""completed"":10}","{""Computed"":10}",10,0,1.0276464222057222,0.8925923278045784,1.329179088747907,same output/solver/certification ratio,10,0,5.314075400702947,5.029224988930051,7.15756541291996,same topology ratio
small_beta/grid_10x2/Topology,gudhi,warm,timing,10,10,7.970000115165021e-05,7.757499861327233e-05,8.595000053901458e-05,seconds,Topology,0,1,5,"{""completed"":10}","{""Computed"":10}",0,0,,,,same output/solver/certification ratio,10,0,1.0,1.0,1.0,same topology ratio
small_beta/grid_10x2/Topology,r0,warm,rss,10,10,30576640.0,30476288.0,30675968.0,bytes,Topology,0,1,5,"{""completed"":10}","{""Computed"":10}",10,0,1.0030349584934595,0.9987923686921875,1.008290432798054,same output/solver/certification ratio,10,0,0.793473295873845,0.7916561754463041,0.7977831003108209,same topology ratio
small_beta/grid_10x2/Topology,reference,warm,rss,10,10,30517248.0,30435328.0,30542848.0,bytes,Topology,0,1,5,"{""completed"":10}","{""Computed"":10}",10,0,1.0,1.0,1.0,same output/solver/certification ratio,10,0,0.7923045051433094,0.7905887362929841,0.7934119478295897,same topology ratio
small_beta/grid_10x2/Topology,integrated,warm,rss,10,10,31051776.0,31015936.0,31106048.0,bytes,Topology,0,1,5,"{""completed"":10}","{""Computed"":10}",10,0,1.017256451067709,1.0152500716108932,1.021630390698932,same output/solver/certification ratio,10,0,0.8071545972314773,0.8054654157898208,0.8085355470412942,same topology ratio
small_beta/grid_10x2/Topology,gudhi,warm,rss,10,10,38486016.0,38474752.0,38509568.0,bytes,Topology,0,1,5,"{""completed"":10}","{""Computed"":10}",0,0,,,,same output/solver/certification ratio,10,0,1.0,1.0,1.0,same topology ratio
small_beta/grid_18x2/Topology,r0,cold,timing,10,10,1.0571025500012183,1.0463926499987792,1.11574230000042,seconds,Topology,0,1,5,"{""completed"":10}","{""Computed"":10}",10,0,1.15721124211457,1.0974200542159827,1.2719713513181947,same output/solver/certification ratio,10,0,5.129015480900194,4.8958091391316785,5.254143278621305,same topology ratio
small_beta/grid_18x2/Topology,reference,cold,timing,10,10,0.9125906999997824,0.8775344250007038,0.961565800000244,seconds,Topology,0,1,5,"{""completed"":10}","{""Computed"":10}",10,0,1.0,1.0,1.0,same output/solver/certification ratio,10,0,4.20359384385107,3.8617658564243946,4.731879596052456,same topology ratio
small_beta/grid_18x2/Topology,integrated,cold,timing,10,10,1.233156450000024,1.2005777249978564,1.245341399998324,seconds,Topology,0,1,5,"{""completed"":10}","{""Computed"":10}",10,0,1.3286361437073484,1.2472404111440232,1.377947808970111,same output/solver/certification ratio,10,0,5.694486393536672,5.307543178526186,6.0695786748949345,same topology ratio
small_beta/grid_18x2/Topology,gudhi,cold,timing,10,10,0.21147580000069865,0.20560609999938606,0.2247955250004452,seconds,Topology,0,1,5,"{""completed"":10}","{""Computed"":10}",0,0,,,,same output/solver/certification ratio,10,0,1.0,1.0,1.0,same topology ratio
small_beta/grid_18x2/Topology,r0,cold,rss,10,10,30666752.0,30565376.0,30842880.0,bytes,Topology,0,1,5,"{""completed"":10}","{""Computed"":10}",10,0,1.015233391062036,1.0074193983542425,1.019780517545048,same output/solver/certification ratio,10,0,0.7945202718878867,0.7926008947902732,0.8029656496692981,same topology ratio
small_beta/grid_18x2/Topology,reference,cold,rss,10,10,30257152.0,30211072.0,30339072.0,bytes,Topology,0,1,5,"{""completed"":10}","{""Computed"":10}",10,0,1.0,1.0,1.0,same output/solver/certification ratio,10,0,0.7858318916263213,0.7822862591376205,0.7879698829960796,same topology ratio
small_beta/grid_18x2/Topology,integrated,cold,rss,10,10,30525440.0,30388224.0,30612480.0,bytes,Topology,0,1,5,"{""completed"":10}","{""Computed"":10}",10,0,1.0086435749583436,1.0039274106175515,1.0122050447518307,same output/solver/certification ratio,10,0,0.7934277783042538,0.7885763000852515,0.7953964194373402,same topology ratio
small_beta/grid_18x2/Topology,gudhi,cold,rss,10,10,38488064.0,38441984.0,38517760.0,bytes,Topology,0,1,5,"{""completed"":10}","{""Computed"":10}",0,0,,,,same output/solver/certification ratio,10,0,1.0,1.0,1.0,same topology ratio
small_beta/grid_18x2/Topology,r0,warm,timing,10,10,0.0008910500000638422,0.0008650249992570025,0.000956199999563978,seconds,Topology,0,1,5,"{""completed"":10}","{""Computed"":10}",10,0,1.633381714793844,1.4591718445078568,2.1007467595902782,same output/solver/certification ratio,10,0,7.2794236112073305,6.590112571768842,7.712494629894124,same topology ratio
small_beta/grid_18x2/Topology,reference,warm,timing,10,10,0.0005593500009126728,0.0005281500007185969,0.0006001499987178249,seconds,Topology,0,1,5,"{""completed"":10}","{""Computed"":10}",10,0,1.0,1.0,1.0,same output/solver/certification ratio,10,0,4.523617167052265,3.197576626813979,4.981523042232691,same topology ratio
small_beta/grid_18x2/Topology,integrated,warm,timing,10,10,0.0005434000013337936,0.0004945499986206414,0.0005698750028386712,seconds,Topology,0,1,5,"{""completed"":10}","{""Computed"":10}",10,0,0.9210309941792556,0.8067869961377196,1.1446073558484693,same output/solver/certification ratio,10,0,4.477081366270794,3.4221051367168926,4.926579223084537,same topology ratio
small_beta/grid_18x2/Topology,gudhi,warm,timing,10,10,0.00012200000128359534,0.00011499999891384505,0.00013039999976172112,seconds,Topology,0,1,5,"{""completed"":10}","{""Computed"":10}",0,0,,,,same output/solver/certification ratio,10,0,1.0,1.0,1.0,same topology ratio
small_beta/grid_18x2/Topology,r0,warm,rss,10,10,30666752.0,30442496.0,30729216.0,bytes,Topology,0,1,5,"{""completed"":10}","{""Computed"":10}",10,0,1.012988169674958,1.0025453411031746,1.016171029190078,same output/solver/certification ratio,10,0,0.7948079108743781,0.7903569726862333,0.7983622248218654,same topology ratio
small_beta/grid_18x2/Topology,reference,warm,rss,10,10,30285824.0,30216192.0,30320640.0,bytes,Topology,0,1,5,"{""completed"":10}","{""Computed"":10}",10,0,1.0,1.0,1.0,same output/solver/certification ratio,10,0,0.7859268104982436,0.7815451963465068,0.7883088001694377,same topology ratio
small_beta/grid_18x2/Topology,integrated,warm,rss,10,10,30371840.0,30348288.0,30433280.0,bytes,Topology,0,1,5,"{""completed"":10}","{""Computed"":10}",10,0,1.0031102660632194,0.9981853842379073,1.0098206769371216,same output/solver/certification ratio,10,0,0.7883708052763779,0.7872894959856076,0.7903860470062746,same topology ratio
small_beta/grid_18x2/Topology,gudhi,warm,rss,10,10,38535168.0,38517760.0,38586368.0,bytes,Topology,0,1,5,"{""completed"":10}","{""Computed"":10}",0,0,,,,same output/solver/certification ratio,10,0,1.0,1.0,1.0,same topology ratio
high_beta/K4_4/Topology,r0,cold,timing,10,10,0.2744096999995236,0.26530834999812214,0.3000034249980672,seconds,Topology,0,5,5,"{""completed"":10}","{""Computed"":50}",10,0,1.043286059131275,0.9591075636442331,1.2080784907138504,same output/solver/certification ratio,10,0,1.3093222530616488,1.064790416428847,1.4520452554779832,same topology ratio
high_beta/K4_4/Topology,reference,cold,timing,10,10,0.24951330000112648,0.24849277500015887,0.27264534999812895,seconds,Topology,0,5,5,"{""completed"":10}","{""Computed"":50}",10,0,1.0,1.0,1.0,same output/solver/certification ratio,10,0,1.1625606517841034,1.024564712013254,1.2911922591218168,same topology ratio
high_beta/K4_4/Topology,integrated,cold,timing,10,10,0.2780264499997429,0.273901224999463,0.3004302250010369,seconds,Topology,0,5,5,"{""completed"":10}","{""Computed"":50}",10,0,1.0921325015131216,1.0033195405161308,1.1595917484046863,same output/solver/certification ratio,10,0,1.340926166347692,1.1068807595861296,1.4078460801789858,same topology ratio
high_beta/K4_4/Topology,gudhi,cold,timing,10,10,0.21451840000008815,0.20624004999899626,0.24325744999987364,seconds,Topology,0,5,5,"{""completed"":10}","{""Computed"":50}",0,0,,,,same output/solver/certification ratio,10,0,1.0,1.0,1.0,same topology ratio
high_beta/K4_4/Topology,r0,cold,rss,10,10,30226432.0,30180352.0,30307328.0,bytes,Topology,0,5,5,"{""completed"":10}","{""Computed"":50}",10,0,1.0004729524434282,0.9909873764160314,1.0019021739130434,same output/solver/certification ratio,10,0,0.7865297338885741,0.784646191578814,0.7883803299451868,same topology ratio
high_beta/K4_4/Topology,reference,cold,rss,10,10,30314496.0,30217216.0,30374912.0,bytes,Topology,0,5,5,"{""completed"":10}","{""Computed"":50}",10,0,1.0,1.0,1.0,same output/solver/certification ratio,10,0,0.7885351628912564,0.7861220662204976,0.790680315632331,same topology ratio
high_beta/K4_4/Topology,integrated,cold,rss,10,10,30765056.0,30697472.0,30887936.0,bytes,Topology,0,5,5,"{""completed"":10}","{""Computed"":50}",10,0,1.0151554804013112,1.0103829557713053,1.020996594148706,same output/solver/certification ratio,10,0,0.8004748023706755,0.7977180635529963,0.804430216523007,same topology ratio
high_beta/K4_4/Topology,gudhi,cold,rss,10,10,38424576.0,38354944.0,38472704.0,bytes,Topology,0,5,5,"{""completed"":10}","{""Computed"":50}",0,0,,,,same output/solver/certification ratio,10,0,1.0,1.0,1.0,same topology ratio
high_beta/K4_4/Topology,r0,warm,timing,10,10,0.0005053999993833713,0.0004909249973934493,0.0005548249982894049,seconds,Topology,0,5,5,"{""completed"":10}","{""Computed"":10}",10,0,1.9067276222794258,1.8056706290189248,2.014642073641825,same output/solver/certification ratio,10,0,10.254941246239424,9.207339425290135,11.360862381250342,same topology ratio
high_beta/K4_4/Topology,reference,warm,timing,10,10,0.00026479999905859586,0.00025644999823271064,0.00030044999948586337,seconds,Topology,0,5,5,"{""completed"":10}","{""Computed"":10}",10,0,1.0,1.0,1.0,same output/solver/certification ratio,10,0,5.035671453849932,4.729621423010614,6.393401030402812,same topology ratio
high_beta/K4_4/Topology,integrated,warm,timing,10,10,0.0002530999990995042,0.0002424750000500353,0.0002672000000529806,seconds,Topology,0,5,5,"{""completed"":10}","{""Computed"":10}",10,0,0.947986722040627,0.8964790887062813,1.0455430199563176,same output/solver/certification ratio,10,0,5.209044991668733,4.4691661791748745,5.849407484661222,same topology ratio
high_beta/K4_4/Topology,gudhi,warm,timing,10,10,5.3699999625678174e-05,4.690000150731066e-05,5.749999854742782e-05,seconds,Topology,0,5,5,"{""completed"":10}","{""Computed"":10}",0,0,,,,same output/solver/certification ratio,10,0,1.0,1.0,1.0,same topology ratio
high_beta/K4_4/Topology,r0,warm,rss,10,10,29624320.0,29506560.0,29745152.0,bytes,Topology,0,5,5,"{""completed"":10}","{""Computed"":10}",10,0,0.9971775210755983,0.9922769273203697,0.9994476863105616,same output/solver/certification ratio,10,0,0.7710557346036423,0.7686144642666382,0.776520811099253,same topology ratio
high_beta/K4_4/Topology,reference,warm,rss,10,10,29716480.0,29702144.0,29805568.0,bytes,Topology,0,5,5,"{""completed"":10}","{""Computed"":10}",10,0,1.0,1.0,1.0,same output/solver/certification ratio,10,0,0.7742626934486391,0.7730712387019004,0.7776947705442903,same topology ratio
high_beta/K4_4/Topology,integrated,warm,rss,10,10,30097408.0,30045184.0,30129152.0,bytes,Topology,0,5,5,"{""completed"":10}","{""Computed"":10}",10,0,1.011434645621922,1.0081099601034933,1.014382519706818,same output/solver/certification ratio,10,0,0.7831116278407847,0.782258744259792,0.7852721451440768,same topology ratio
high_beta/K4_4/Topology,gudhi,warm,rss,10,10,38373376.0,38343680.0,38426624.0,bytes,Topology,0,5,5,"{""completed"":10}","{""Computed"":10}",0,0,,,,same output/solver/certification ratio,10,0,1.0,1.0,1.0,same topology ratio
high_beta/K5_5/Topology,r0,cold,timing,10,10,0.3771725000005972,0.37069652500122174,0.3801184750018365,seconds,Topology,0,5,5,"{""completed"":10}","{""Computed"":50}",10,0,1.1717378562763736,1.1098269927009017,1.1949538256673684,same output/solver/certification ratio,10,0,1.7675885971940533,1.7090074608680943,1.8227192825659555,same topology ratio
high_beta/K5_5/Topology,reference,cold,timing,10,10,0.32193540000116627,0.316696600000796,0.33478815000125905,seconds,Topology,0,5,5,"{""completed"":10}","{""Computed"":50}",10,0,1.0,1.0,1.0,same output/solver/certification ratio,10,0,1.5125506038562984,1.4335225754701608,1.633812292220737,same topology ratio
high_beta/K5_5/Topology,integrated,cold,timing,10,10,0.347620550001011,0.33896070000082545,0.3574390499998117,seconds,Topology,0,5,5,"{""completed"":10}","{""Computed"":50}",10,0,1.071543675051144,0.9916571567547966,1.1344072069465727,same output/solver/certification ratio,10,0,1.6276095759115339,1.5732671267462284,1.6772505871294083,same topology ratio
high_beta/K5_5/Topology,gudhi,cold,timing,10,10,0.21380535000025702,0.20709264999914012,0.22166432499761868,seconds,Topology,0,5,5,"{""completed"":10}","{""Computed"":50}",0,0,,,,same output/solver/certification ratio,10,0,1.0,1.0,1.0,same topology ratio
high_beta/K5_5/Topology,r0,cold,rss,10,10,29751296.0,29672448.0,29893632.0,bytes,Topology,0,5,5,"{""completed"":10}","{""Computed"":50}",10,0,0.999792711334909,0.9982127782712289,1.0045385703497434,same output/solver/certification ratio,10,0,0.7757756971361798,0.7704168438962143,0.7784749548016591,same topology ratio
high_beta/K5_5/Topology,reference,cold,rss,10,10,29726720.0,29698048.0,29752320.0,bytes,Topology,0,5,5,"{""completed"":10}","{""Computed"":50}",10,0,1.0,1.0,1.0,same output/solver/certification ratio,10,0,0.77280273927866,0.7705091637599496,0.7759872285544503,same topology ratio
high_beta/K5_5/Topology,integrated,cold,rss,10,10,30181376.0,30119936.0,30298112.0,bytes,Topology,0,5,5,"{""completed"":10}","{""Computed"":50}",10,0,1.0138552638538931,1.0124555160142348,1.0219673943078198,same output/solver/certification ratio,10,0,0.7856844160137946,0.7828747969812132,0.7884550633692816,same topology ratio
high_beta/K5_5/Topology,gudhi,cold,rss,10,10,38498304.0,38365184.0,38518784.0,bytes,Topology,0,5,5,"{""completed"":10}","{""Computed"":50}",0,0,,,,same output/solver/certification ratio,10,0,1.0,1.0,1.0,same topology ratio
high_beta/K5_5/Topology,r0,warm,timing,10,10,0.0005542500020965235,0.0005035999993197038,0.0005864500017196406,seconds,Topology,0,5,5,"{""completed"":10}","{""Computed"":10}",10,0,1.7120575694718236,1.3066400517023942,2.195907252546759,same output/solver/certification ratio,10,0,8.742622083552385,7.588064135607754,10.3066669480037,same topology ratio
high_beta/K5_5/Topology,reference,warm,timing,10,10,0.0003006000006280374,0.0002884999994421378,0.00033494999934191583,seconds,Topology,0,5,5,"{""completed"":10}","{""Computed"":10}",10,0,1.0,1.0,1.0,same output/solver/certification ratio,10,0,5.097540231208836,4.490242348908565,6.0466093996413335,same topology ratio
high_beta/K5_5/Topology,integrated,warm,timing,10,10,0.0002800499987642979,0.0002682250014913734,0.0003034999999727006,seconds,Topology,0,5,5,"{""completed"":10}","{""Computed"":10}",10,0,0.9325468765997691,0.67180979427783,1.0988615538344526,same output/solver/certification ratio,10,0,4.849201841607843,3.9559750201261465,5.24985055401807,same topology ratio
high_beta/K5_5/Topology,gudhi,warm,timing,10,10,6.125000072643161e-05,5.700000019714935e-05,6.322499757516198e-05,seconds,Topology,0,5,5,"{""completed"":10}","{""Computed"":10}",0,0,,,,same output/solver/certification ratio,10,0,1.0,1.0,1.0,same topology ratio
high_beta/K5_5/Topology,r0,warm,rss,10,10,29476864.0,29344768.0,29566976.0,bytes,Topology,0,5,5,"{""completed"":10}","{""Computed"":10}",10,0,0.997573266665998,0.9943244739756367,1.0006938662225924,same output/solver/certification ratio,10,0,0.7684983184704155,0.7623857112481395,0.7709580838323353,same topology ratio
high_beta/K5_5/Topology,reference,warm,rss,10,10,29530112.0,29471744.0,29592576.0,bytes,Topology,0,5,5,"{""completed"":10}","{""Computed"":10}",10,0,1.0,1.0,1.0,same output/solver/certification ratio,10,0,0.7694772392799982,0.7672386230416711,0.7715719777872704,same topology ratio
high_beta/K5_5/Topology,integrated,warm,rss,10,10,29886464.0,29804544.0,30028800.0,bytes,Topology,0,5,5,"{""completed"":10}","{""Computed"":10}",10,0,1.0138678133294994,1.007902398447248,1.017345190378645,same output/solver/certification ratio,10,0,0.7787218778901297,0.7753970792026437,0.782692102738996,same topology ratio
high_beta/K5_5/Topology,gudhi,warm,rss,10,10,38375424.0,38354944.0,38430720.0,bytes,Topology,0,5,5,"{""completed"":10}","{""Computed"":10}",0,0,,,,same output/solver/certification ratio,10,0,1.0,1.0,1.0,same topology ratio
long_filtration/path_16/Topology,r0,cold,timing,10,10,0.2926633999995829,0.28661652500159107,0.3127253250004287,seconds,Topology,0,1,5,"{""completed"":10}","{""Computed"":10}",10,0,1.2542559817810581,1.189209809457417,1.3061582456406073,same output/solver/certification ratio,10,0,1.3480466550839671,1.1883516160301322,1.4279168843005094,same topology ratio
long_filtration/path_16/Topology,reference,cold,timing,10,10,0.23545075000220095,0.2305201749995831,0.2454275999998572,seconds,Topology,0,1,5,"{""completed"":10}","{""Computed"":10}",10,0,1.0,1.0,1.0,same output/solver/certification ratio,10,0,1.093147495008401,0.943817284163849,1.1491880231280924,same topology ratio
long_filtration/path_16/Topology,integrated,cold,timing,10,10,0.27585014999931445,0.2658035499980542,0.2922897999987981,seconds,Topology,0,1,5,"{""completed"":10}","{""Computed"":10}",10,0,1.2041714731712145,1.099311638955417,1.2204846276068657,same output/solver/certification ratio,10,0,1.2390819141897997,1.0958633453791058,1.344209095308903,same topology ratio
long_filtration/path_16/Topology,gudhi,cold,timing,10,10,0.22592714999882446,0.2097687750010664,0.24247849999756,seconds,Topology,0,1,5,"{""completed"":10}","{""Computed"":10}",0,0,,,,same output/solver/certification ratio,10,0,1.0,1.0,1.0,same topology ratio
long_filtration/path_16/Topology,r0,cold,rss,10,10,31780864.0,31690752.0,31956992.0,bytes,Topology,0,1,5,"{""completed"":10}","{""Computed"":10}",10,0,1.0363889609034374,1.033306687982947,1.0428857715430861,same output/solver/certification ratio,10,0,0.8269650903149831,0.8255480125357751,0.8320081557862131,same topology ratio
long_filtration/path_16/Topology,reference,cold,rss,10,10,30646272.0,30578688.0,30744576.0,bytes,Topology,0,1,5,"{""completed"":10}","{""Computed"":10}",10,0,1.0,1.0,1.0,same output/solver/certification ratio,10,0,0.7991883668022367,0.7947844598190527,0.8005540166204986,same topology ratio
long_filtration/path_16/Topology,integrated,cold,rss,10,10,31279104.0,31258624.0,31299584.0,bytes,Topology,0,1,5,"{""completed"":10}","{""Computed"":10}",10,0,1.0211173953975272,1.015652987764134,1.0247761712962027,same output/solver/certification ratio,10,0,0.8151875419420577,0.8129556303584387,0.8162763340819164,same topology ratio
long_filtration/path_16/Topology,gudhi,cold,rss,10,10,38410240.0,38382592.0,38438912.0,bytes,Topology,0,1,5,"{""completed"":10}","{""Computed"":10}",0,0,,,,same output/solver/certification ratio,10,0,1.0,1.0,1.0,same topology ratio
long_filtration/path_16/Topology,r0,warm,timing,10,10,0.007873900000049616,0.007562875000076019,0.008074524998846755,seconds,Topology,0,1,5,"{""completed"":10}","{""Computed"":10}",10,0,14.85215864716032,14.138966930792225,15.835419977175944,same output/solver/certification ratio,10,0,76.74308373215057,64.6632575734315,85.14578823034961,same topology ratio
long_filtration/path_16/Topology,reference,warm,timing,10,10,0.000517150001542177,0.0005001250010536751,0.0005240500004219939,seconds,Topology,0,1,5,"{""completed"":10}","{""Computed"":10}",10,0,1.0,1.0,1.0,same output/solver/certification ratio,10,0,5.041256236599232,4.415174831711688,5.716978931293167,same topology ratio
long_filtration/path_16/Topology,integrated,warm,timing,10,10,0.0005230999995546881,0.0005125749985381844,0.0005384250007409719,seconds,Topology,0,1,5,"{""completed"":10}","{""Computed"":10}",10,0,1.0348109617050254,0.8928364537530497,1.116533022418764,same output/solver/certification ratio,10,0,5.215320800440129,4.428949622504305,5.833416126560724,same topology ratio
long_filtration/path_16/Topology,gudhi,warm,timing,10,10,0.00010029999793914612,9.574999967298936e-05,0.00011447499946370954,seconds,Topology,0,1,5,"{""completed"":10}","{""Computed"":10}",0,0,,,,same output/solver/certification ratio,10,0,1.0,1.0,1.0,same topology ratio
long_filtration/path_16/Topology,r0,warm,rss,10,10,31764480.0,31725568.0,31848448.0,bytes,Topology,0,1,5,"{""completed"":10}","{""Computed"":10}",10,0,1.035370393552096,1.0335396404308852,1.0375018890294554,same output/solver/certification ratio,10,0,0.8283567368775508,0.825993930550588,0.8302946170739303,same topology ratio
long_filtration/path_16/Topology,reference,warm,rss,10,10,30705664.0,30609408.0,30717952.0,bytes,Topology,0,1,5,"{""completed"":10}","{""Computed"":10}",10,0,1.0,1.0,1.0,same output/solver/certification ratio,10,0,0.7991045708690071,0.7979193840968702,0.8010043486030539,same topology ratio
long_filtration/path_16/Topology,integrated,warm,rss,10,10,31334400.0,31293440.0,31419392.0,bytes,Topology,0,1,5,"{""completed"":10}","{""Computed"":10}",10,0,1.0199321068634886,1.0150006637461835,1.0267202094459964,same output/solver/certification ratio,10,0,0.8155006934383228,0.813684898799246,0.8182883939038686,same topology ratio
long_filtration/path_16/Topology,gudhi,warm,rss,10,10,38377472.0,38350848.0,38441984.0,bytes,Topology,0,1,5,"{""completed"":10}","{""Computed"":10}",0,0,,,,same output/solver/certification ratio,10,0,1.0,1.0,1.0,same topology ratio
long_filtration/path_32/Topology,r0,cold,timing,10,10,1.2002074499996525,1.1571452749994933,1.241104074998475,seconds,Topology,0,1,5,"{""completed"":10}","{""Computed"":10}",10,0,1.6261209000329,1.5302223709698692,1.7444931479219619,same output/solver/certification ratio,10,0,5.763694842498043,5.404653301467875,5.8370390822643925,same topology ratio
long_filtration/path_32/Topology,reference,cold,timing,10,10,0.7472515499994188,0.7176025999997364,0.7512489000000642,seconds,Topology,0,1,5,"{""completed"":10}","{""Computed"":10}",10,0,1.0,1.0,1.0,same output/solver/certification ratio,10,0,3.5576076870574065,3.297899546531338,3.651551273227825,same topology ratio
long_filtration/path_32/Topology,integrated,cold,timing,10,10,0.947487049999836,0.9335424749997401,0.9883939999999711,seconds,Topology,0,1,5,"{""completed"":10}","{""Computed"":10}",10,0,1.302789984847295,1.2412435017807517,1.341091335579654,same output/solver/certification ratio,10,0,4.498854298298117,4.257279197773398,4.74265104241846,same topology ratio
long_filtration/path_32/Topology,gudhi,cold,timing,10,10,0.20942270000159624,0.20628117499927612,0.22189787500064995,seconds,Topology,0,1,5,"{""completed"":10}","{""Computed"":10}",0,0,,,,same output/solver/certification ratio,10,0,1.0,1.0,1.0,same topology ratio
long_filtration/path_32/Topology,r0,cold,rss,10,10,36694016.0,36658176.0,36798464.0,bytes,Topology,0,1,5,"{""completed"":10}","{""Computed"":10}",10,0,1.1253189138644761,1.1228679852886885,1.1289953217906887,same output/solver/certification ratio,10,0,0.9539691993728423,0.9516392158094183,0.9577918967475869,same topology ratio
long_filtration/path_32/Topology,reference,cold,rss,10,10,32636928.0,32560128.0,32675840.0,bytes,Topology,0,1,5,"{""completed"":10}","{""Computed"":10}",10,0,1.0,1.0,1.0,same output/solver/certification ratio,10,0,0.8472550699738789,0.8443655274963526,0.8515835300608938,same topology ratio
long_filtration/path_32/Topology,integrated,cold,rss,10,10,33433600.0,33354752.0,33539072.0,bytes,Topology,0,1,5,"{""completed"":10}","{""Computed"":10}",10,0,1.0224451466503757,1.0185879896515144,1.0309589730682105,same output/solver/certification ratio,10,0,0.8686892974894481,0.8650867761490276,0.8722194619424065,same topology ratio
long_filtration/path_32/Topology,gudhi,cold,rss,10,10,38467584.0,38445056.0,38532096.0,bytes,Topology,0,1,5,"{""completed"":10}","{""Computed"":10}",0,0,,,,same output/solver/certification ratio,10,0,1.0,1.0,1.0,same topology ratio
long_filtration/path_32/Topology,r0,warm,timing,10,10,0.030660449998322292,0.029902549998951145,0.031230000001414737,seconds,Topology,0,1,5,"{""completed"":10}","{""Computed"":10}",10,0,18.782827488225973,16.549620519874683,19.439922898414377,same output/solver/certification ratio,10,0,89.84852266053531,80.17579072722674,99.28380331674825,same topology ratio
long_filtration/path_32/Topology,reference,warm,timing,10,10,0.0016390500004490605,0.001590349999787577,0.0017073499984689988,seconds,Topology,0,1,5,"{""completed"":10}","{""Computed"":10}",10,0,1.0,1.0,1.0,same output/solver/certification ratio,10,0,5.021110652790869,4.382782472533145,5.578747251039976,same topology ratio
long_filtration/path_32/Topology,integrated,warm,timing,10,10,0.001599549999809824,0.0015493749988308991,0.0016758750016379054,seconds,Topology,0,1,5,"{""completed"":10}","{""Computed"":10}",10,0,1.0064155943674455,0.8340350260573943,1.0425061600128434,same output/solver/certification ratio,10,0,4.633287699731447,4.156178517524352,5.225071222446442,same topology ratio
long_filtration/path_32/Topology,gudhi,warm,timing,10,10,0.00033549999898241367,0.0003172000006088638,0.00038722499812138267,seconds,Topology,0,1,5,"{""completed"":10}","{""Computed"":10}",0,0,,,,same output/solver/certification ratio,10,0,1.0,1.0,1.0,same topology ratio
long_filtration/path_32/Topology,r0,warm,rss,10,10,36773888.0,36701184.0,36853760.0,bytes,Topology,0,1,5,"{""completed"":10}","{""Computed"":10}",10,0,1.1234532882139312,1.1201547599214774,1.1286395582329318,same output/solver/certification ratio,10,0,0.953792010735882,0.951097126943555,0.9572865743780204,same topology ratio
long_filtration/path_32/Topology,reference,warm,rss,10,10,32645120.0,32623616.0,32931840.0,bytes,Topology,0,1,5,"{""completed"":10}","{""Computed"":10}",10,0,1.0,1.0,1.0,same output/solver/certification ratio,10,0,0.848012355473441,0.8447488584474886,0.8532965868136527,same topology ratio
long_filtration/path_32/Topology,integrated,warm,rss,10,10,33589248.0,33475584.0,33638400.0,bytes,Topology,0,1,5,"{""completed"":10}","{""Computed"":10}",10,0,1.0246534222271524,1.0211136756000991,1.0306503773458786,same output/solver/certification ratio,10,0,0.8719760811383972,0.8687008292579205,0.8731888019838989,same topology ratio
long_filtration/path_32/Topology,gudhi,warm,rss,10,10,38529024.0,38495232.0,38615040.0,bytes,Topology,0,1,5,"{""completed"":10}","{""Computed"":10}",0,0,,,,same output/solver/certification ratio,10,0,1.0,1.0,1.0,same topology ratio
vr/circle_10/Topology,r0,cold,timing,10,10,0.20539889999963634,0.19934149999789952,0.2070868500004508,seconds,Topology,0,1,5,"{""completed"":10}","{""Computed"":10}",10,0,0.9549689388913208,0.927710415385049,1.0306127366055104,same output/solver/certification ratio,10,0,1.0186147598292947,0.8733472163436301,1.0575642600807555,same topology ratio
vr/circle_10/Topology,reference,cold,timing,10,10,0.2107898499998555,0.1958723749994533,0.22191465000014432,seconds,Topology,0,1,5,"{""completed"":10}","{""Computed"":10}",10,0,1.0,1.0,1.0,same output/solver/certification ratio,10,0,1.0264192265548306,0.8879883138684317,1.1166352015867549,same topology ratio
vr/circle_10/Topology,integrated,cold,timing,10,10,0.21864190000087547,0.21131245000015042,0.22881302499990852,seconds,Topology,0,1,5,"{""completed"":10}","{""Computed"":10}",10,0,1.0006763294272327,0.9666386199845352,1.166193420943682,same output/solver/certification ratio,10,0,1.0375015452222498,0.9714491955161079,1.1573928248685446,same topology ratio
vr/circle_10/Topology,gudhi,cold,timing,10,10,0.20482989999982237,0.19989285000065138,0.21079939999890485,seconds,Topology,0,1,5,"{""completed"":10}","{""Computed"":10}",0,0,,,,same output/solver/certification ratio,10,0,1.0,1.0,1.0,same topology ratio
vr/circle_10/Topology,edge_collapse,cold,timing,10,10,0.21523514999898907,0.19785062500068307,0.22355694999805564,seconds,Topology,0,1,5,"{""completed"":10}","{""Computed"":10}",0,0,,,,same output/solver/certification ratio,10,0,1.0289406982589981,0.9354850507228308,1.1029305775197653,same topology ratio
vr/circle_10/Topology,rips_persistence,cold,timing,10,10,0.830437599999641,0.7959525999995094,0.8624617750019752,seconds,Topology,0,1,5,"{""completed"":10}","{""Computed"":10}",0,0,,,,same output/solver/certification ratio,10,0,3.953770537175334,3.7627537028087934,4.348600675454362,same topology ratio
vr/circle_10/Topology,r0,cold,rss,10,10,29685760.0,29613056.0,29710336.0,bytes,Topology,0,1,5,"{""completed"":10}","{""Computed"":10}",10,0,0.9967095813608254,0.9909477437937183,1.0031816295476552,same output/solver/certification ratio,10,0,0.7734504333400265,0.7712572814325808,0.7757932748942028,same topology ratio
vr/circle_10/Topology,reference,cold,rss,10,10,29814784.0,29687808.0,29861888.0,bytes,Topology,0,1,5,"{""completed"":10}","{""Computed"":10}",10,0,1.0,1.0,1.0,same output/solver/certification ratio,10,0,0.7767463122096405,0.7723290598290599,0.780119837363578,same topology ratio
vr/circle_10/Topology,integrated,cold,rss,10,10,30195712.0,30107648.0,30276608.0,bytes,Topology,0,1,5,"{""completed"":10}","{""Computed"":10}",10,0,1.0131241134714568,1.0074063914415032,1.021543985637343,same output/solver/certification ratio,10,0,0.7857221062151595,0.7839335180055401,0.7882892491467577,same topology ratio
vr/circle_10/Topology,gudhi,cold,rss,10,10,38383616.0,38326272.0,38434816.0,bytes,Topology,0,1,5,"{""completed"":10}","{""Computed"":10}",0,0,,,,same output/solver/certification ratio,10,0,1.0,1.0,1.0,same topology ratio
vr/circle_10/Topology,edge_collapse,cold,rss,10,10,38422528.0,38362112.0,38446080.0,bytes,Topology,0,1,5,"{""completed"":10}","{""Computed"":10}",0,0,,,,same output/solver/certification ratio,10,0,1.0001070822919553,0.9971198630394886,1.0043248403242209,same topology ratio
vr/circle_10/Topology,rips_persistence,cold,rss,10,10,104116224.0,104103936.0,104498176.0,bytes,Topology,0,1,5,"{""completed"":10}","{""Computed"":10}",0,0,,,,same output/solver/certification ratio,10,0,2.719469687462673,2.713279248505551,2.7224241128687474,same topology ratio
vr/circle_10/Topology,r0,warm,timing,10,10,0.0008258000016212463,0.0007827250001355424,0.000893200000973593,seconds,Topology,0,1,5,"{""completed"":10}","{""Computed"":10}",10,0,2.6826429848841213,2.561050452885315,3.1314348812707498,same output/solver/certification ratio,10,0,16.949167393085993,12.626085124862449,20.8798623413904,same topology ratio
vr/circle_10/Topology,reference,warm,timing,10,10,0.00030160000096657313,0.000286725001387822,0.00032027499855757924,seconds,Topology,0,1,5,"{""completed"":10}","{""Computed"":10}",10,0,1.0,1.0,1.0,same output/solver/certification ratio,10,0,5.610788664291452,3.98924410328717,7.82850191029026,same topology ratio
vr/circle_10/Topology,integrated,warm,timing,10,10,0.0003153000016027363,0.00029887499931646744,0.0003269750004619709,seconds,Topology,0,1,5,"{""completed"":10}","{""Computed"":10}",10,0,1.022872214409664,0.9923386646196799,1.0721093615851012,same output/solver/certification ratio,10,0,6.318342672218686,4.244216259531656,7.817905925117923,same topology ratio
vr/circle_10/Topology,gudhi,warm,timing,10,10,4.9849999413709156e-05,4.180000178166665e-05,5.892499757464975e-05,seconds,Topology,0,1,5,"{""completed"":10}","{""Computed"":10}",0,0,,,,same output/solver/certification ratio,10,0,1.0,1.0,1.0,same topology ratio
vr/circle_10/Topology,edge_collapse,warm,timing,10,0,,,,seconds,Topology,0,1,5,"{""completed"":10}","{""NotApplicable"":10}",0,0,,,,same output/solver/certification ratio,0,0,,,,same topology ratio
vr/circle_10/Topology,rips_persistence,warm,timing,10,0,,,,seconds,Topology,0,1,5,"{""completed"":10}","{""NotApplicable"":10}",0,0,,,,same output/solver/certification ratio,0,0,,,,same topology ratio
vr/circle_10/Topology,r0,warm,rss,10,10,29757440.0,29677568.0,29810688.0,bytes,Topology,0,1,5,"{""completed"":10}","{""Computed"":10}",10,0,0.999031943188033,0.9951887511337408,1.0037912063992815,same output/solver/certification ratio,10,0,0.772954671683324,0.7710110921501706,0.7759300714209573,same topology ratio
vr/circle_10/Topology,reference,warm,rss,10,10,29753344.0,29706240.0,29868032.0,bytes,Topology,0,1,5,"{""completed"":10}","{""Computed"":10}",10,0,1.0,1.0,1.0,same output/solver/certification ratio,10,0,0.7733753640483213,0.7720925274490993,0.7765821436181547,same topology ratio
vr/circle_10/Topology,integrated,warm,rss,10,10,30115840.0,30052352.0,30150656.0,bytes,Topology,0,1,5,"{""completed"":10}","{""Computed"":10}",10,0,1.0107796207900661,1.008158377727672,1.0142206268120944,same output/solver/certification ratio,10,0,0.7824765630862707,0.7802020019366296,0.7835117092296281,same topology ratio
vr/circle_10/Topology,gudhi,warm,rss,10,10,38471680.0,38429696.0,38534144.0,bytes,Topology,0,1,5,"{""completed"":10}","{""Computed"":10}",0,0,,,,same output/solver/certification ratio,10,0,1.0,1.0,1.0,same topology ratio
vr/circle_10/Topology,edge_collapse,warm,rss,10,0,,,,bytes,Topology,0,1,5,"{""completed"":10}","{""NotApplicable"":10}",0,0,,,,same output/solver/certification ratio,0,0,,,,same topology ratio
vr/circle_10/Topology,rips_persistence,warm,rss,10,0,,,,bytes,Topology,0,1,5,"{""completed"":10}","{""NotApplicable"":10}",0,0,,,,same output/solver/certification ratio,0,0,,,,same topology ratio
vr/circle_18/Topology,r0,cold,timing,10,10,0.5300156499979494,0.5216972249991159,0.5352818749988728,seconds,Topology,0,1,5,"{""completed"":10}","{""Computed"":10}",10,0,1.0333596884369594,1.0109585992662506,1.0541236060468422,same output/solver/certification ratio,10,0,2.381242744590943,2.1301277900736753,2.5432858205794,same topology ratio
vr/circle_18/Topology,reference,cold,timing,10,10,0.5053322000003391,0.49406045000068843,0.5220732750012758,seconds,Topology,0,1,5,"{""completed"":10}","{""Computed"":10}",10,0,1.0,1.0,1.0,same output/solver/certification ratio,10,0,2.2700840346821183,2.0765549190278767,2.488024717560216,same topology ratio
vr/circle_18/Topology,integrated,cold,timing,10,10,0.5772818500008725,0.5732462000005398,0.6152315249983076,seconds,Topology,0,1,5,"{""completed"":10}","{""Computed"":10}",10,0,1.1493360828029529,1.1109625731803328,1.204967929019298,same output/solver/certification ratio,10,0,2.6931871681295783,2.3647591913320936,2.906474594620299,same topology ratio
vr/circle_18/Topology,gudhi,cold,timing,10,10,0.22259304999897722,0.21066062499903637,0.22834509999847796,seconds,Topology,0,1,5,"{""completed"":10}","{""Computed"":10}",0,0,,,,same output/solver/certification ratio,10,0,1.0,1.0,1.0,same topology ratio
vr/circle_18/Topology,edge_collapse,cold,timing,10,10,0.21211795000090206,0.2084227750019636,0.22004494999691815,seconds,Topology,0,1,5,"{""completed"":10}","{""Computed"":10}",0,0,,,,same output/solver/certification ratio,10,0,0.9665367067884533,0.8760665047144165,1.031959581943647,same topology ratio
vr/circle_18/Topology,rips_persistence,cold,timing,10,10,0.8037264000013238,0.7932278500002212,0.8565248749982857,seconds,Topology,0,1,5,"{""completed"":10}","{""Computed"":10}",0,0,,,,same output/solver/certification ratio,10,0,3.743557650910727,3.3232763996060117,4.037141897830214,same topology ratio
vr/circle_18/Topology,r0,cold,rss,10,10,30601216.0,30527488.0,30759936.0,bytes,Topology,0,1,5,"{""completed"":10}","{""Computed"":10}",10,0,1.000333981548478,0.9928514694201748,1.0049491706795077,same output/solver/certification ratio,10,0,0.7954217213930116,0.7933026826191367,0.8001489044884067,same topology ratio
vr/circle_18/Topology,reference,cold,rss,10,10,30607360.0,30476288.0,30860288.0,bytes,Topology,0,1,5,"{""completed"":10}","{""Computed"":10}",10,0,1.0,1.0,1.0,same output/solver/certification ratio,10,0,0.7974921307954113,0.7912146351840034,0.8030448206110934,same topology ratio
vr/circle_18/Topology,integrated,cold,rss,10,10,31096832.0,31066112.0,31165440.0,bytes,Topology,0,1,5,"{""completed"":10}","{""Computed"":10}",10,0,1.017362225292772,1.0059657961023465,1.0218071383049345,same output/solver/certification ratio,10,0,0.8074838069179571,0.8063795853269538,0.8118801322384558,same topology ratio
vr/circle_18/Topology,gudhi,cold,rss,10,10,38498304.0,38433792.0,38522880.0,bytes,Topology,0,1,5,"{""completed"":10}","{""Computed"":10}",0,0,,,,same output/solver/certification ratio,10,0,1.0,1.0,1.0,same topology ratio
vr/circle_18/Topology,edge_collapse,cold,rss,10,10,38430720.0,38355968.0,38563840.0,bytes,Topology,0,1,5,"{""completed"":10}","{""Computed"":10}",0,0,,,,same output/solver/certification ratio,10,0,0.9987197679151014,0.9968633577890907,1.0016477927620684,same topology ratio
vr/circle_18/Topology,rips_persistence,cold,rss,10,10,104296448.0,104227840.0,104360960.0,bytes,Topology,0,1,5,"{""completed"":10}","{""Computed"":10}",0,0,,,,same output/solver/certification ratio,10,0,2.709111394221125,2.705099542212286,2.717068814505556,same topology ratio
vr/circle_18/Topology,r0,warm,timing,10,10,0.0008271499991678866,0.0007990999984031077,0.0008571999997002422,seconds,Topology,0,1,5,"{""completed"":10}","{""Computed"":10}",10,0,2.5601892280814607,2.4232628167750785,2.718829516421667,same output/solver/certification ratio,10,0,13.848580320446862,13.1082435518606,15.432118128243392,same topology ratio
vr/circle_18/Topology,reference,warm,timing,10,10,0.0003195999997842591,0.00031540000054519624,0.00033400000120309414,seconds,Topology,0,1,5,"{""completed"":10}","{""Computed"":10}",10,0,1.0,1.0,1.0,same output/solver/certification ratio,10,0,5.392322149385474,5.032790139414476,6.316794090811451,same topology ratio
vr/circle_18/Topology,integrated,warm,timing,10,10,0.00033104999965871684,0.00033024999993358506,0.00037770000017189886,seconds,Topology,0,1,5,"{""completed"":10}","{""Computed"":10}",10,0,1.0962713566434557,0.9765649880960604,1.2190850027755962,same output/solver/certification ratio,10,0,6.062507573598565,5.427649539892741,6.820274284660401,same topology ratio
vr/circle_18/Topology,gudhi,warm,timing,10,10,5.855000017618295e-05,5.435000184661476e-05,6.160000248200959e-05,seconds,Topology,0,1,5,"{""completed"":10}","{""Computed"":10}",0,0,,,,same output/solver/certification ratio,10,0,1.0,1.0,1.0,same topology ratio
vr/circle_18/Topology,edge_collapse,warm,timing,10,0,,,,seconds,Topology,0,1,5,"{""completed"":10}","{""NotApplicable"":10}",0,0,,,,same output/solver/certification ratio,0,0,,,,same topology ratio
vr/circle_18/Topology,rips_persistence,warm,timing,10,0,,,,seconds,Topology,0,1,5,"{""completed"":10}","{""NotApplicable"":10}",0,0,,,,same output/solver/certification ratio,0,0,,,,same topology ratio
vr/circle_18/Topology,r0,warm,rss,10,10,30607360.0,30467072.0,30795776.0,bytes,Topology,0,1,5,"{""completed"":10}","{""Computed"":10}",10,0,1.000269396629919,0.9958677685950413,1.0072308516336368,same output/solver/certification ratio,10,0,0.7939724428517061,0.7919510153511974,0.8017443097213359,same topology ratio
vr/circle_18/Topology,reference,warm,rss,10,10,30611456.0,30499840.0,30688256.0,bytes,Topology,0,1,5,"{""completed"":10}","{""Computed"":10}",10,0,1.0,1.0,1.0,same output/solver/certification ratio,10,0,0.7951462684511444,0.7924793566403276,0.7966493070965421,same topology ratio
vr/circle_18/Topology,integrated,warm,rss,10,10,31064064.0,31035392.0,31086592.0,bytes,Topology,0,1,5,"{""completed"":10}","{""Computed"":10}",10,0,1.0175269999294996,1.0107971207677953,1.0211362412493268,same output/solver/certification ratio,10,0,0.8067149824291934,0.8037511921161387,0.8093496145384262,same topology ratio
vr/circle_18/Topology,gudhi,warm,rss,10,10,38500352.0,38412288.0,38598656.0,bytes,Topology,0,1,5,"{""completed"":10}","{""Computed"":10}",0,0,,,,same output/solver/certification ratio,10,0,1.0,1.0,1.0,same topology ratio
vr/circle_18/Topology,edge_collapse,warm,rss,10,0,,,,bytes,Topology,0,1,5,"{""completed"":10}","{""NotApplicable"":10}",0,0,,,,same output/solver/certification ratio,0,0,,,,same topology ratio
vr/circle_18/Topology,rips_persistence,warm,rss,10,0,,,,bytes,Topology,0,1,5,"{""completed"":10}","{""NotApplicable"":10}",0,0,,,,same output/solver/certification ratio,0,0,,,,same topology ratio
query/q0,reference,cold,timing,10,10,0.20976659999905678,0.20423645000118995,0.23059497500071302,seconds,Topology,0,5,5,"{""completed"":10}","{""Computed"":50}",10,0,1.0,1.0,1.0,same output/solver/certification ratio,10,0,0.9796445852826456,0.9346552619322164,1.06795436759661,same topology ratio
query/q0,integrated,cold,timing,10,10,0.22196115000042482,0.2138351750008951,0.22987297500003478,seconds,Topology,0,5,5,"{""completed"":10}","{""Computed"":50}",10,0,1.0395867891564698,0.9149402262321461,1.1442775393616054,same output/solver/certification ratio,10,0,1.050412619323199,0.9366340873125555,1.1021623238438434,same topology ratio
query/q0,gudhi,cold,timing,10,10,0.21410885000113922,0.20740050000040355,0.2227086250022694,seconds,Topology,0,5,5,"{""completed"":10}","{""Computed"":50}",0,0,,,,same output/solver/certification ratio,10,0,1.0,1.0,1.0,same topology ratio
query/q0,reference,cold,rss,10,10,29800448.0,29732864.0,29832192.0,bytes,Topology,0,5,5,"{""completed"":10}","{""Computed"":50}",10,0,1.0,1.0,1.0,same output/solver/certification ratio,10,0,0.7749171606324602,0.7740337739804343,0.7765559944485961,same topology ratio
query/q0,integrated,cold,rss,10,10,30164992.0,30128128.0,30180352.0,bytes,Topology,0,5,5,"{""completed"":10}","{""Computed"":50}",10,0,1.0121950266688926,1.0110538338515016,1.0152934692752824,same output/solver/certification ratio,10,0,0.7839434469706605,0.7827756307775273,0.7866140051238258,same topology ratio
query/q0,gudhi,cold,rss,10,10,38422528.0,38368256.0,38502400.0,bytes,Topology,0,5,5,"{""completed"":10}","{""Computed"":50}",0,0,,,,same output/solver/certification ratio,10,0,1.0,1.0,1.0,same topology ratio
query/q0,reference,warm,timing,10,10,0.00028035000104864594,0.0002626999985295697,0.00032457499946758617,seconds,Topology,0,5,5,"{""completed"":10}","{""Computed"":10}",10,0,1.0,1.0,1.0,same output/solver/certification ratio,10,0,8.020326828036875,7.244623761595813,8.566909953917165,same topology ratio
query/q0,integrated,warm,timing,10,10,0.00029769999855489004,0.0002833500002452638,0.0003149249987473013,seconds,Topology,0,5,5,"{""completed"":10}","{""Computed"":10}",10,0,1.064758106499456,0.9137058490702445,1.141753570425382,same output/solver/certification ratio,10,0,8.094147261579135,7.647959103178832,9.821917455958529,same topology ratio
query/q0,gudhi,warm,timing,10,10,3.640000068116933e-05,3.375000051164534e-05,3.870000000461005e-05,seconds,Topology,0,5,5,"{""completed"":10}","{""Computed"":10}",0,0,,,,same output/solver/certification ratio,10,0,1.0,1.0,1.0,same topology ratio
query/q0,reference,warm,rss,10,10,29472768.0,29447168.0,29543424.0,bytes,Topology,0,5,5,"{""completed"":10}","{""Computed"":10}",10,0,1.0,1.0,1.0,same output/solver/certification ratio,10,0,0.7679568944016658,0.7639081687132941,0.7702048410967799,same topology ratio
query/q0,integrated,warm,rss,10,10,29788160.0,29754368.0,29850624.0,bytes,Topology,0,5,5,"{""completed"":10}","{""Computed"":10}",10,0,1.0106919041067712,1.0070695869143333,1.0156055793398702,same output/solver/certification ratio,10,0,0.776047491300817,0.7731902605017452,0.7783720805549115,same topology ratio
query/q0,gudhi,warm,rss,10,10,38473728.0,38319104.0,38533120.0,bytes,Topology,0,5,5,"{""completed"":10}","{""Computed"":10}",0,0,,,,same output/solver/certification ratio,10,0,1.0,1.0,1.0,same topology ratio
query/q1,reference,cold,timing,10,10,0.974436649999916,0.9459237500022937,1.033824399999503,seconds,Joint-basic,1,5,5,"{""completed"":10}","{""Computed"":50}",10,0,1.0,1.0,1.0,same output/solver/certification ratio,10,0,4.583497051100853,4.300326601629705,4.7654682068117475,joint outputs / GUDHI PH additional information cost ratio
query/q1,integrated,cold,timing,10,10,1.0793030499989982,1.0637460499992812,1.0923989250022714,seconds,Joint-basic,1,5,5,"{""completed"":10}","{""Computed"":50}",10,0,1.1109231346438966,1.0213732413829495,1.1276191415930905,same output/solver/certification ratio,10,0,4.9339183483436395,4.619436795962006,5.176010898551263,joint outputs / GUDHI PH additional information cost ratio
query/q1,gudhi,cold,timing,10,10,0.21896989999913785,0.20793649999995978,0.2277159000022948,seconds,Joint-basic,1,5,5,"{""completed"":10}","{""Computed"":50}",0,0,,,,same output/solver/certification ratio,10,0,1.0,1.0,1.0,joint outputs / GUDHI PH additional information cost ratio
query/q1,reference,cold,rss,10,10,30568448.0,30464000.0,30625792.0,bytes,Joint-basic,1,5,5,"{""completed"":10}","{""Computed"":50}",10,0,1.0,1.0,1.0,same output/solver/certification ratio,10,0,0.7957934027969068,0.7944649460959625,0.7974413646055437,joint outputs / GUDHI PH additional information cost ratio
query/q1,integrated,cold,rss,10,10,30988288.0,30956544.0,31070208.0,bytes,Joint-basic,1,5,5,"{""completed"":10}","{""Computed"":50}",10,0,1.0158351526530678,1.0113738823798346,1.0196542057563114,same output/solver/certification ratio,10,0,0.8073895730026873,0.8058842340901823,0.8112163456422262,joint outputs / GUDHI PH additional information cost ratio
query/q1,gudhi,cold,rss,10,10,38365184.0,38346752.0,38423552.0,bytes,Joint-basic,1,5,5,"{""completed"":10}","{""Computed"":50}",0,0,,,,same output/solver/certification ratio,10,0,1.0,1.0,1.0,joint outputs / GUDHI PH additional information cost ratio
query/q1,reference,warm,timing,10,10,0.005939849999776925,0.005558399999245012,0.006079575001422199,seconds,Joint-basic,1,5,5,"{""completed"":10}","{""Computed"":10}",10,0,1.0,1.0,1.0,same output/solver/certification ratio,10,0,163.14862508836669,128.83333440162872,180.6592578370619,joint outputs / GUDHI PH additional information cost ratio
query/q1,integrated,warm,timing,10,10,0.006939500000953558,0.006729524998263514,0.007028049999462382,seconds,Joint-basic,1,5,5,"{""completed"":10}","{""Computed"":10}",10,0,1.161845685378347,1.1028549624568493,1.2658942697003812,same output/solver/certification ratio,10,0,186.6152703853002,162.74004171492098,212.78851308776572,joint outputs / GUDHI PH additional information cost ratio
query/q1,gudhi,warm,timing,10,10,3.650000144261867e-05,3.302500044810586e-05,4.252500093571143e-05,seconds,Joint-basic,1,5,5,"{""completed"":10}","{""Computed"":10}",0,0,,,,same output/solver/certification ratio,10,0,1.0,1.0,1.0,joint outputs / GUDHI PH additional information cost ratio
query/q1,reference,warm,rss,10,10,29655040.0,29584384.0,29679616.0,bytes,Joint-basic,1,5,5,"{""completed"":10}","{""Computed"":10}",10,0,1.0,1.0,1.0,same output/solver/certification ratio,10,0,0.7718069985425932,0.7698147083404737,0.7749973264891455,joint outputs / GUDHI PH additional information cost ratio
query/q1,integrated,warm,rss,10,10,30021632.0,29950976.0,30040064.0,bytes,Joint-basic,1,5,5,"{""completed"":10}","{""Computed"":10}",10,0,1.011468068006016,1.009723561261911,1.0174927113702623,same output/solver/certification ratio,10,0,0.7818472524968091,0.7798530979506199,0.785022914477201,joint outputs / GUDHI PH additional information cost ratio
query/q1,gudhi,warm,rss,10,10,38346752.0,38318080.0,38447104.0,bytes,Joint-basic,1,5,5,"{""completed"":10}","{""Computed"":10}",0,0,,,,same output/solver/certification ratio,10,0,1.0,1.0,1.0,joint outputs / GUDHI PH additional information cost ratio
query/q8,r0,cold,timing,10,10,1.5570085500003188,1.5436693500014371,1.633205199997974,seconds,Joint-basic,8,5,5,"{""completed"":10}","{""Computed"":50}",10,0,0.9885370339206527,0.9513291378907957,1.0625738115535859,same output/solver/certification ratio,10,0,7.3910023826603295,6.8852410547386835,7.786998446083273,joint outputs / GUDHI PH additional information cost ratio
query/q8,reference,cold,timing,10,10,1.5698910000010073,1.5229753499970684,1.6679440499983684,seconds,Joint-basic,8,5,5,"{""completed"":10}","{""Computed"":50}",10,0,1.0,1.0,1.0,same output/solver/certification ratio,10,0,7.488972649208542,6.435831083495637,8.025888159928105,joint outputs / GUDHI PH additional information cost ratio
query/q8,integrated,cold,timing,10,10,1.6503846500017971,1.6391687250006726,1.681496824999158,seconds,Joint-basic,8,5,5,"{""completed"":10}","{""Computed"":50}",10,0,1.0726317261167675,0.9928974854219786,1.0944280681432144,same output/solver/certification ratio,10,0,7.882200158969164,6.918213510083795,8.505711394077954,joint outputs / GUDHI PH additional information cost ratio
query/q8,gudhi,cold,timing,10,10,0.20962784999937867,0.20821162499851198,0.23218980000183365,seconds,Joint-basic,8,5,5,"{""completed"":10}","{""Computed"":50}",0,0,,,,same output/solver/certification ratio,10,0,1.0,1.0,1.0,joint outputs / GUDHI PH additional information cost ratio
query/q8,native_explicit,cold,timing,10,10,1.611499399999957,1.5269073750014286,1.6593269499981034,seconds,Joint-basic,8,5,5,"{""completed"":10}","{""Computed"":50}",10,0,0.9814613821126776,0.9671466301087774,1.1122098306022417,same output/solver/certification ratio,10,0,7.339094253453451,6.846195504466525,8.36355596972869,joint outputs / GUDHI PH additional information cost ratio
query/q8,factorized_scalar,cold,timing,10,10,1.686935050000102,1.6656625249988792,1.7129572750009174,seconds,Joint-basic,8,5,5,"{""completed"":10}","{""Computed"":50}",10,0,1.0905123642119035,0.9988610554450449,1.1119371936696543,same output/solver/certification ratio,10,0,7.976110307868945,7.391567043992225,8.361432555953519,joint outputs / GUDHI PH additional information cost ratio
query/q8,hc_workspace,cold,timing,10,10,1.6102020500002254,1.56826700000056,1.6522575749995667,seconds,Joint-basic,8,5,5,"{""completed"":10}","{""Computed"":50}",10,0,1.01524826766219,0.9807137900592852,1.055898560990213,same output/solver/certification ratio,10,0,7.597427480350403,7.099674734226316,7.961814793189084,joint outputs / GUDHI PH additional information cost ratio
query/q8,r0,cold,rss,10,10,31219712.0,31165440.0,31291392.0,bytes,Joint-basic,8,5,5,"{""completed"":10}","{""Computed"":50}",10,0,0.9979674082846958,0.9909603039434036,1.001907052076792,same output/solver/certification ratio,10,0,0.813711193263973,0.811276775996411,0.8154534615930571,joint outputs / GUDHI PH additional information cost ratio
query/q8,reference,cold,rss,10,10,31285248.0,31221760.0,31413248.0,bytes,Joint-basic,8,5,5,"{""completed"":10}","{""Computed"":50}",10,0,1.0,1.0,1.0,same output/solver/certification ratio,10,0,0.8158235121969388,0.8130233508872016,0.8196312635738566,joint outputs / GUDHI PH additional information cost ratio
query/q8,integrated,cold,rss,10,10,31854592.0,31756288.0,31917056.0,bytes,Joint-basic,8,5,5,"{""completed"":10}","{""Computed"":50}",10,0,1.0169803312394632,1.011639723503257,1.023180036259156,same output/solver/certification ratio,10,0,0.8302913305065709,0.8267631277171932,0.8321454487736327,joint outputs / GUDHI PH additional information cost ratio
query/q8,gudhi,cold,rss,10,10,38389760.0,38310912.0,38412288.0,bytes,Joint-basic,8,5,5,"{""completed"":10}","{""Computed"":50}",0,0,,,,same output/solver/certification ratio,10,0,1.0,1.0,1.0,joint outputs / GUDHI PH additional information cost ratio
query/q8,native_explicit,cold,rss,10,10,31746048.0,31603712.0,31892480.0,bytes,Joint-basic,8,5,5,"{""completed"":10}","{""Computed"":50}",10,0,1.0114805429384777,1.0067954572091724,1.0214530139510398,same output/solver/certification ratio,10,0,0.8269398539221866,0.8233098741735978,0.8317418743324678,joint outputs / GUDHI PH additional information cost ratio
query/q8,factorized_scalar,cold,rss,10,10,31750144.0,31628288.0,31856640.0,bytes,Joint-basic,8,5,5,"{""completed"":10}","{""Computed"":50}",10,0,1.0144302244833248,1.0065991933017966,1.0210926241320581,same output/solver/certification ratio,10,0,0.8264299941586761,0.8226859283039059,0.8301463753787713,joint outputs / GUDHI PH additional information cost ratio
query/q8,hc_workspace,cold,rss,10,10,31963136.0,31833088.0,32088064.0,bytes,Joint-basic,8,5,5,"{""completed"":10}","{""Computed"":50}",10,0,1.0254325330591432,1.0159248139929513,1.0267260579064588,same output/solver/certification ratio,10,0,0.8337521314044516,0.8290882159870021,0.838131797824696,joint outputs / GUDHI PH additional information cost ratio
query/q8,r0,warm,timing,10,10,0.04600944999947387,0.04427642500104412,0.04783634999785136,seconds,Joint-basic,8,5,5,"{""completed"":10}","{""Computed"":10}",10,0,1.1195653989385324,1.0714082040509592,1.1571323720586428,same output/solver/certification ratio,10,0,1210.6684183024154,1082.7572894111886,1416.232837151772,joint outputs / GUDHI PH additional information cost ratio
query/q8,reference,warm,timing,10,10,0.04026704999887443,0.03982265000104235,0.042372450001494144,seconds,Joint-basic,8,5,5,"{""completed"":10}","{""Computed"":10}",10,0,1.0,1.0,1.0,same output/solver/certification ratio,10,0,1152.644548224419,1009.2097224256277,1280.518966533128,joint outputs / GUDHI PH additional information cost ratio
query/q8,integrated,warm,timing,10,10,0.04516884999975446,0.043949500000053376,0.046998550000353134,seconds,Joint-basic,8,5,5,"{""completed"":10}","{""Computed"":10}",10,0,1.120258968322732,1.0732616307729372,1.1625152913997598,same output/solver/certification ratio,10,0,1315.539381374006,1044.0145962613615,1432.9910441065504,joint outputs / GUDHI PH additional information cost ratio
query/q8,gudhi,warm,timing,10,10,3.684999865072314e-05,3.2750000173109584e-05,4.2225000470352825e-05,seconds,Joint-basic,8,5,5,"{""completed"":10}","{""Computed"":10}",0,0,,,,same output/solver/certification ratio,10,0,1.0,1.0,1.0,joint outputs / GUDHI PH additional information cost ratio
query/q8,native_explicit,warm,timing,10,10,0.04326969999965513,0.04147667499819363,0.046980099999927916,seconds,Joint-basic,8,5,5,"{""completed"":10}","{""Computed"":10}",10,0,1.0618006803042739,1.0370902551553258,1.1215467412291693,same output/solver/certification ratio,10,0,1200.0842406822687,993.423355487532,1396.1565404925325,joint outputs / GUDHI PH additional information cost ratio
query/q8,factorized_scalar,warm,timing,10,10,0.04742084999998042,0.04644467499838356,0.04872135000186972,seconds,Joint-basic,8,5,5,"{""completed"":10}","{""Computed"":10}",10,0,1.1540284847696438,1.1062698458231628,1.2549331292932158,same output/solver/certification ratio,10,0,1319.6358664848005,1089.0022578363455,1441.322461597008,joint outputs / GUDHI PH additional information cost ratio
query/q8,hc_workspace,warm,timing,10,10,0.043971650000457885,0.042676924998886534,0.04835277500023949,seconds,Joint-basic,8,5,5,"{""completed"":10}","{""Computed"":10}",10,0,1.0813360564503098,0.9996919721352368,1.1600081411460335,same output/solver/certification ratio,10,0,1219.464700816289,1045.7628961863481,1307.042241757731,joint outputs / GUDHI PH additional information cost ratio
query/q8,r0,warm,rss,10,10,29644800.0,29570048.0,29747200.0,bytes,Joint-basic,8,5,5,"{""completed"":10}","{""Computed"":10}",10,0,0.9951045307659493,0.9904595027348252,1.0004141358365544,same output/solver/certification ratio,10,0,0.7716713566557805,0.7693781942078365,0.7751175716118,joint outputs / GUDHI PH additional information cost ratio
query/q8,reference,warm,rss,10,10,29769728.0,29739008.0,29889536.0,bytes,Joint-basic,8,5,5,"{""completed"":10}","{""Computed"":10}",10,0,1.0,1.0,1.0,same output/solver/certification ratio,10,0,0.7758731822759113,0.7724600168448561,0.7798946687985038,joint outputs / GUDHI PH additional information cost ratio
query/q8,integrated,warm,rss,10,10,30289920.0,30186496.0,30301184.0,bytes,Joint-basic,8,5,5,"{""completed"":10}","{""Computed"":10}",10,0,1.014765389754637,1.010183019127563,1.0194214876033059,same output/solver/certification ratio,10,0,0.7874134069230954,0.7855422867384076,0.7887158703071673,joint outputs / GUDHI PH additional information cost ratio
query/q8,gudhi,warm,rss,10,10,38412288.0,38352896.0,38481920.0,bytes,Joint-basic,8,5,5,"{""completed"":10}","{""Computed"":10}",0,0,,,,same output/solver/certification ratio,10,0,1.0,1.0,1.0,joint outputs / GUDHI PH additional information cost ratio
query/q8,native_explicit,warm,rss,10,10,30259200.0,30241792.0,30350336.0,bytes,Joint-basic,8,5,5,"{""completed"":10}","{""Computed"":10}",10,0,1.014865778145252,1.0107510466083167,1.0199216164680887,same output/solver/certification ratio,10,0,0.7875436909470092,0.7847667562827623,0.792049583244283,joint outputs / GUDHI PH additional information cost ratio
query/q8,factorized_scalar,warm,rss,10,10,30242816.0,30145536.0,30426112.0,bytes,Joint-basic,8,5,5,"{""completed"":10}","{""Computed"":10}",10,0,1.016457403625059,1.010805604944551,1.022006457454414,same output/solver/certification ratio,10,0,0.7870448514805518,0.7839645137380481,0.7929088586030665,joint outputs / GUDHI PH additional information cost ratio
query/q8,hc_workspace,warm,rss,10,10,30238720.0,30166016.0,30280704.0,bytes,Joint-basic,8,5,5,"{""completed"":10}","{""Computed"":10}",10,0,1.0133163197660844,1.011399452515808,1.0168044077134986,same output/solver/certification ratio,10,0,0.786502381296285,0.7839016832856567,0.7894657856602996,joint outputs / GUDHI PH additional information cost ratio
query/q64,reference,cold,timing,10,10,4.057948000001488,3.9780368000001545,4.172076924999601,seconds,Joint-basic,64,5,5,"{""completed"":10}","{""Computed"":50}",10,0,1.0,1.0,1.0,same output/solver/certification ratio,10,0,19.00241738046175,17.799102399286536,19.936527161008623,joint outputs / GUDHI PH additional information cost ratio
query/q64,integrated,cold,timing,10,10,4.277852350000103,4.225946925000244,4.329090500000348,seconds,Joint-basic,64,5,5,"{""completed"":10}","{""Computed"":50}",10,0,1.0423145782647847,1.0177268048021582,1.0828709464630957,same output/solver/certification ratio,10,0,19.92132983731616,19.013868836093046,20.69451298311598,joint outputs / GUDHI PH additional information cost ratio
query/q64,gudhi,cold,timing,10,10,0.21117529999901308,0.20461469999918336,0.2264956249982788,seconds,Joint-basic,64,5,5,"{""completed"":10}","{""Computed"":50}",0,0,,,,same output/solver/certification ratio,10,0,1.0,1.0,1.0,joint outputs / GUDHI PH additional information cost ratio
query/q64,reference,cold,rss,10,10,32139264.0,32041984.0,32157696.0,bytes,Joint-basic,64,5,5,"{""completed"":10}","{""Computed"":50}",10,0,1.0,1.0,1.0,same output/solver/certification ratio,10,0,0.8337303967958705,0.8319118390146706,0.8373356116987668,joint outputs / GUDHI PH additional information cost ratio
query/q64,integrated,cold,rss,10,10,32663552.0,32590848.0,32697344.0,bytes,Joint-basic,64,5,5,"{""completed"":10}","{""Computed"":50}",10,0,1.0163746436686163,1.0137839048066675,1.019714912732077,same output/solver/certification ratio,10,0,0.848871865173689,0.84467361258771,0.8525375598046321,joint outputs / GUDHI PH additional information cost ratio
query/q64,gudhi,cold,rss,10,10,38488064.0,38429696.0,38569984.0,bytes,Joint-basic,64,5,5,"{""completed"":10}","{""Computed"":50}",0,0,,,,same output/solver/certification ratio,10,0,1.0,1.0,1.0,joint outputs / GUDHI PH additional information cost ratio
query/q64,reference,warm,timing,10,10,0.32898150000073656,0.3232455999986996,0.329958575001001,seconds,Joint-basic,64,5,5,"{""completed"":10}","{""Computed"":10}",10,0,1.0,1.0,1.0,same output/solver/certification ratio,10,0,9767.403779786739,8762.036359411799,10312.175917257444,joint outputs / GUDHI PH additional information cost ratio
query/q64,integrated,warm,timing,10,10,0.3518027499994787,0.3478092249997644,0.35337852500106237,seconds,Joint-basic,64,5,5,"{""completed"":10}","{""Computed"":10}",10,0,1.0704548187874345,1.0549190194688693,1.1166522094933755,same output/solver/certification ratio,10,0,10134.627645766906,9277.020037883995,11699.926263700607,joint outputs / GUDHI PH additional information cost ratio
query/q64,gudhi,warm,timing,10,10,3.4150001738453284e-05,3.229999856557697e-05,3.6449999242904596e-05,seconds,Joint-basic,64,5,5,"{""completed"":10}","{""Computed"":10}",0,0,,,,same output/solver/certification ratio,10,0,1.0,1.0,1.0,joint outputs / GUDHI PH additional information cost ratio
query/q64,reference,warm,rss,10,10,30244864.0,30152704.0,30304256.0,bytes,Joint-basic,64,5,5,"{""completed"":10}","{""Computed"":10}",10,0,1.0,1.0,1.0,same output/solver/certification ratio,10,0,0.787707246091404,0.7840824566996069,0.7908141517476556,joint outputs / GUDHI PH additional information cost ratio
query/q64,integrated,warm,rss,10,10,30814208.0,30800896.0,30944256.0,bytes,Joint-basic,64,5,5,"{""completed"":10}","{""Computed"":10}",10,0,1.0190549228767725,1.0177015250544663,1.0249077587178184,same output/solver/certification ratio,10,0,0.8024961819683867,0.799277441292105,0.806255990133368,joint outputs / GUDHI PH additional information cost ratio
query/q64,gudhi,warm,rss,10,10,38406144.0,38368256.0,38427648.0,bytes,Joint-basic,64,5,5,"{""completed"":10}","{""Computed"":10}",0,0,,,,same output/solver/certification ratio,10,0,1.0,1.0,1.0,joint outputs / GUDHI PH additional information cost ratio
query/q1024,reference,cold,timing,10,10,9.4696162500004,9.418965550000394,9.562895274999391,seconds,Joint-basic,1024,1,5,"{""completed"":10}","{""Computed"":10}",10,0,1.0,1.0,1.0,same output/solver/certification ratio,10,0,45.742304134198065,44.24843541931165,47.53660171987324,joint outputs / GUDHI PH additional information cost ratio
query/q1024,integrated,cold,timing,10,10,9.932407199999943,9.856237725001847,10.019547699999748,seconds,Joint-basic,1024,1,5,"{""completed"":10}","{""Computed"":10}",10,0,1.0467664447170875,1.0296940545554678,1.0691404159953977,same output/solver/certification ratio,10,0,47.83686371808923,47.08067488412622,49.28179202929434,joint outputs / GUDHI PH additional information cost ratio
query/q1024,gudhi,cold,timing,10,10,0.20636100000047009,0.2022435749977376,0.2095079499995336,seconds,Joint-basic,1024,1,5,"{""completed"":10}","{""Computed"":10}",0,0,,,,same output/solver/certification ratio,10,0,1.0,1.0,1.0,joint outputs / GUDHI PH additional information cost ratio
query/q1024,reference,cold,rss,10,10,50116608.0,50064384.0,50321408.0,bytes,Joint-basic,1024,1,5,"{""completed"":10}","{""Computed"":10}",10,0,1.0,1.0,1.0,same output/solver/certification ratio,10,0,1.3055593343439467,1.3011279902902635,1.3134726071200171,joint outputs / GUDHI PH additional information cost ratio
query/q1024,integrated,cold,rss,10,10,50837504.0,50778112.0,50942976.0,bytes,Joint-basic,1024,1,5,"{""completed"":10}","{""Computed"":10}",10,0,1.0128828267916394,1.0090738167252513,1.01538335651747,same output/solver/certification ratio,10,0,1.323322254239361,1.3175833510299426,1.3271077908217717,joint outputs / GUDHI PH additional information cost ratio
query/q1024,gudhi,cold,rss,10,10,38449152.0,38391808.0,38476800.0,bytes,Joint-basic,1024,1,5,"{""completed"":10}","{""Computed"":10}",0,0,,,,same output/solver/certification ratio,10,0,1.0,1.0,1.0,joint outputs / GUDHI PH additional information cost ratio
query/q1024,reference,warm,timing,10,10,5.170436250000421,5.1458162499993705,5.246901774999969,seconds,Joint-basic,1024,1,5,"{""completed"":10}","{""Computed"":10}",10,0,1.0,1.0,1.0,same output/solver/certification ratio,10,0,154380.89062957873,135862.27153962044,160740.83094483014,joint outputs / GUDHI PH additional information cost ratio
query/q1024,integrated,warm,timing,10,10,5.592529449999347,5.553177574999609,5.646359549999943,seconds,Joint-basic,1024,1,5,"{""completed"":10}","{""Computed"":10}",10,0,1.0860323961734675,1.0549841263273632,1.10160968834001,same output/solver/certification ratio,10,0,165933.41566141287,146785.0943205089,170412.91169250797,joint outputs / GUDHI PH additional information cost ratio
query/q1024,gudhi,warm,timing,10,10,3.404999915801454e-05,3.237500095565338e-05,3.5850000131176785e-05,seconds,Joint-basic,1024,1,5,"{""completed"":10}","{""Computed"":10}",0,0,,,,same output/solver/certification ratio,10,0,1.0,1.0,1.0,joint outputs / GUDHI PH additional information cost ratio
query/q1024,reference,warm,rss,10,10,41709568.0,41670656.0,41804800.0,bytes,Joint-basic,1024,1,5,"{""completed"":10}","{""Computed"":10}",10,0,1.0,1.0,1.0,same output/solver/certification ratio,10,0,1.0865595216962036,1.0840579710144929,1.0927159003453457,joint outputs / GUDHI PH additional information cost ratio
query/q1024,integrated,warm,rss,10,10,42598400.0,42497024.0,42778624.0,bytes,Joint-basic,1024,1,5,"{""completed"":10}","{""Computed"":10}",10,0,1.0199074593099382,1.0135413729749938,1.0287358125036619,same output/solver/certification ratio,10,0,1.1110124411998392,1.1064553508953163,1.1151905528717123,joint outputs / GUDHI PH additional information cost ratio
query/q1024,gudhi,warm,rss,10,10,38348800.0,38295552.0,38460416.0,bytes,Joint-basic,1024,1,5,"{""completed"":10}","{""Computed"":10}",0,0,,,,same output/solver/certification ratio,10,0,1.0,1.0,1.0,joint outputs / GUDHI PH additional information cost ratio
weight/ExactRational,reference,cold,timing,10,10,1.5865960999999515,1.5659030750002785,1.6370440500004406,seconds,Joint-basic,8,5,5,"{""completed"":10}","{""Computed"":50}",10,0,1.0,1.0,1.0,same output/solver/certification ratio,10,0,7.422410624831114,7.0375778435513086,7.948362847065254,joint outputs / GUDHI PH additional information cost ratio
weight/ExactRational,integrated,cold,timing,10,10,1.674307300001601,1.6486520750004274,1.7456197500005146,seconds,Joint-basic,8,5,5,"{""completed"":10}","{""Computed"":50}",10,0,1.0673941057721736,0.9912015217660344,1.1184982614873058,same output/solver/certification ratio,10,0,8.147905163124413,7.534159257048901,8.380572428978871,joint outputs / GUDHI PH additional information cost ratio
weight/ExactRational,gudhi,cold,timing,10,10,0.21318299999984447,0.2051367250005569,0.22032335000039893,seconds,Joint-basic,8,5,5,"{""completed"":10}","{""Computed"":50}",0,0,,,,same output/solver/certification ratio,10,0,1.0,1.0,1.0,joint outputs / GUDHI PH additional information cost ratio
weight/ExactRational,reference,cold,rss,10,10,31555584.0,31429632.0,31566848.0,bytes,Joint-basic,8,5,5,"{""completed"":10}","{""Computed"":50}",10,0,1.0,1.0,1.0,same output/solver/certification ratio,10,0,0.8219795047853964,0.8183654418618188,0.8237241084774717,joint outputs / GUDHI PH additional information cost ratio
weight/ExactRational,integrated,cold,rss,10,10,32092160.0,32048128.0,32129024.0,bytes,Joint-basic,8,5,5,"{""completed"":10}","{""Computed"":50}",10,0,1.0175877019853865,1.0128155339805824,1.0231870020161589,same output/solver/certification ratio,10,0,0.8354686346475856,0.8325218715173998,0.8372282026545234,joint outputs / GUDHI PH additional information cost ratio
weight/ExactRational,gudhi,cold,rss,10,10,38363136.0,38342656.0,38423552.0,bytes,Joint-basic,8,5,5,"{""completed"":10}","{""Computed"":50}",0,0,,,,same output/solver/certification ratio,10,0,1.0,1.0,1.0,joint outputs / GUDHI PH additional information cost ratio
weight/ExactRational,reference,warm,timing,10,10,0.044000849999065395,0.0413972249989456,0.04483849999905942,seconds,Joint-basic,8,5,5,"{""completed"":10}","{""Computed"":10}",10,0,1.0,1.0,1.0,same output/solver/certification ratio,10,0,1204.6286464535322,1137.5389681977736,1364.464260157057,joint outputs / GUDHI PH additional information cost ratio
weight/ExactRational,integrated,warm,timing,10,10,0.045783550000123796,0.04487129999870376,0.046473725001305866,seconds,Joint-basic,8,5,5,"{""completed"":10}","{""Computed"":10}",10,0,1.0437044159212603,0.950229797478102,1.1134924716277688,same output/solver/certification ratio,10,0,1266.5778784448678,1190.851296912189,1409.10484360008,joint outputs / GUDHI PH additional information cost ratio
weight/ExactRational,gudhi,warm,timing,10,10,3.614999877754599e-05,3.279999964433955e-05,3.640000068116933e-05,seconds,Joint-basic,8,5,5,"{""completed"":10}","{""Computed"":10}",0,0,,,,same output/solver/certification ratio,10,0,1.0,1.0,1.0,joint outputs / GUDHI PH additional information cost ratio
weight/ExactRational,reference,warm,rss,10,10,29896704.0,29850624.0,29970432.0,bytes,Joint-basic,8,5,5,"{""completed"":10}","{""Computed"":10}",10,0,1.0,1.0,1.0,same output/solver/certification ratio,10,0,0.7790916321360819,0.7769316185588787,0.7813139554795078,joint outputs / GUDHI PH additional information cost ratio
weight/ExactRational,integrated,warm,rss,10,10,30291968.0,30240768.0,30328832.0,bytes,Joint-basic,8,5,5,"{""completed"":10}","{""Computed"":10}",10,0,1.0123209038670309,1.0095890410958903,1.0160536710318393,same output/solver/certification ratio,10,0,0.7892040894916219,0.7868852459016393,0.7909482947915911,joint outputs / GUDHI PH additional information cost ratio
weight/ExactRational,gudhi,warm,rss,10,10,38402048.0,38354944.0,38462464.0,bytes,Joint-basic,8,5,5,"{""completed"":10}","{""Computed"":10}",0,0,,,,same output/solver/certification ratio,10,0,1.0,1.0,1.0,joint outputs / GUDHI PH additional information cost ratio
weight/FloatingPoint,reference,cold,timing,10,10,1.5422591000024113,1.5003212250003344,1.5511195000017324,seconds,Joint-basic,8,5,5,"{""completed"":10}","{""Computed"":50}",10,0,1.0,1.0,1.0,same output/solver/certification ratio,10,0,7.093801924742038,6.853257768515193,7.320443430547229,joint outputs / GUDHI PH additional information cost ratio
weight/FloatingPoint,integrated,cold,timing,10,10,1.697504250001657,1.6814871500000663,1.723683950001032,seconds,Joint-basic,8,5,5,"{""completed"":10}","{""Computed"":50}",10,0,1.1260494568475328,1.0853348798060602,1.157883685704957,same output/solver/certification ratio,10,0,7.932547853244778,7.586099881671759,8.318298205938131,joint outputs / GUDHI PH additional information cost ratio
weight/FloatingPoint,gudhi,cold,timing,10,10,0.2148746500006382,0.20885147499939194,0.22135647499908373,seconds,Joint-basic,8,5,5,"{""completed"":10}","{""Computed"":50}",0,0,,,,same output/solver/certification ratio,10,0,1.0,1.0,1.0,joint outputs / GUDHI PH additional information cost ratio
weight/FloatingPoint,reference,cold,rss,10,10,31434752.0,31391744.0,31534080.0,bytes,Joint-basic,8,5,5,"{""completed"":10}","{""Computed"":50}",10,0,1.0,1.0,1.0,same output/solver/certification ratio,10,0,0.8190502845489008,0.8164517014022556,0.8222404210965972,joint outputs / GUDHI PH additional information cost ratio
weight/FloatingPoint,integrated,cold,rss,10,10,31899648.0,31794176.0,31971328.0,bytes,Joint-basic,8,5,5,"{""completed"":10}","{""Computed"":50}",10,0,1.014062577366838,1.0112694967095226,1.01824865432585,same output/solver/certification ratio,10,0,0.8304351813909114,0.8287290056914881,0.8336090559098019,joint outputs / GUDHI PH additional information cost ratio
weight/FloatingPoint,gudhi,cold,rss,10,10,38379520.0,38355968.0,38403072.0,bytes,Joint-basic,8,5,5,"{""completed"":10}","{""Computed"":50}",0,0,,,,same output/solver/certification ratio,10,0,1.0,1.0,1.0,joint outputs / GUDHI PH additional information cost ratio
weight/FloatingPoint,reference,warm,timing,10,10,0.042020099999717786,0.041451949998190685,0.043126875000780274,seconds,Joint-basic,8,5,5,"{""completed"":10}","{""Computed"":10}",10,0,1.0,1.0,1.0,same output/solver/certification ratio,10,0,1171.8546433608296,1092.3833212742554,1228.669687401713,joint outputs / GUDHI PH additional information cost ratio
weight/FloatingPoint,integrated,warm,timing,10,10,0.045297849999769824,0.04504419999921083,0.04826799999773357,seconds,Joint-basic,8,5,5,"{""completed"":10}","{""Computed"":10}",10,0,1.077973211644981,1.0223955818343504,1.1737814705345195,same output/solver/certification ratio,10,0,1270.2129287646324,1168.5962942500018,1414.775746499465,joint outputs / GUDHI PH additional information cost ratio
weight/FloatingPoint,gudhi,warm,timing,10,10,3.555000148480758e-05,3.362499955983367e-05,3.892499898938695e-05,seconds,Joint-basic,8,5,5,"{""completed"":10}","{""Computed"":10}",0,0,,,,same output/solver/certification ratio,10,0,1.0,1.0,1.0,joint outputs / GUDHI PH additional information cost ratio
weight/FloatingPoint,reference,warm,rss,10,10,29837312.0,29733888.0,29949952.0,bytes,Joint-basic,8,5,5,"{""completed"":10}","{""Computed"":10}",10,0,1.0,1.0,1.0,same output/solver/certification ratio,10,0,0.7779679509150014,0.7745183723676602,0.7815296122709843,joint outputs / GUDHI PH additional information cost ratio
weight/FloatingPoint,integrated,warm,rss,10,10,30246912.0,30222336.0,30296064.0,bytes,Joint-basic,8,5,5,"{""completed"":10}","{""Computed"":10}",10,0,1.0136127859174935,1.0090646889163577,1.016572474678222,same output/solver/certification ratio,10,0,0.7892231706665884,0.7870726495726496,0.7906056066766531,joint outputs / GUDHI PH additional information cost ratio
weight/FloatingPoint,gudhi,warm,rss,10,10,38326272.0,38310912.0,38437888.0,bytes,Joint-basic,8,5,5,"{""completed"":10}","{""Computed"":10}",0,0,,,,same output/solver/certification ratio,10,0,1.0,1.0,1.0,joint outputs / GUDHI PH additional information cost ratio
weight/bigint,reference,cold,timing,10,10,1.548923049998848,1.5156515749977189,1.635983699999997,seconds,Joint-basic,8,5,5,"{""completed"":10}","{""Computed"":50}",10,0,1.0,1.0,1.0,same output/solver/certification ratio,10,0,7.128907754044433,6.6986386888779865,7.212466697390191,joint outputs / GUDHI PH additional information cost ratio
weight/bigint,integrated,cold,timing,10,10,1.6654475499999535,1.6234983249987636,1.7233889749986702,seconds,Joint-basic,8,5,5,"{""completed"":10}","{""Computed"":50}",10,0,1.0508642719510768,1.0171392375288326,1.1162258293819252,same output/solver/certification ratio,10,0,7.448096290950627,7.142803729761899,7.596706999065031,joint outputs / GUDHI PH additional information cost ratio
weight/bigint,gudhi,cold,timing,10,10,0.2263805999991746,0.21712257499984844,0.23305072499897506,seconds,Joint-basic,8,5,5,"{""completed"":10}","{""Computed"":50}",0,0,,,,same output/solver/certification ratio,10,0,1.0,1.0,1.0,joint outputs / GUDHI PH additional information cost ratio
weight/bigint,reference,cold,rss,10,10,31363072.0,31232000.0,31535104.0,bytes,Joint-basic,8,5,5,"{""completed"":10}","{""Computed"":50}",10,0,1.0,1.0,1.0,same output/solver/certification ratio,10,0,0.8176954140851085,0.8134256792754395,0.821618743343983,joint outputs / GUDHI PH additional information cost ratio
weight/bigint,integrated,cold,rss,10,10,31909888.0,31737856.0,31971328.0,bytes,Joint-basic,8,5,5,"{""completed"":10}","{""Computed"":50}",10,0,1.0130589557964509,1.011795204147764,1.0219217430805285,same output/solver/certification ratio,10,0,0.8308467206945958,0.8265285099309566,0.8338058216926232,joint outputs / GUDHI PH additional information cost ratio
weight/bigint,gudhi,cold,rss,10,10,38389760.0,38297600.0,38453248.0,bytes,Joint-basic,8,5,5,"{""completed"":10}","{""Computed"":50}",0,0,,,,same output/solver/certification ratio,10,0,1.0,1.0,1.0,joint outputs / GUDHI PH additional information cost ratio
weight/bigint,reference,warm,timing,10,10,0.041940499999327585,0.0409424500003297,0.043071799999779614,seconds,Joint-basic,8,5,5,"{""completed"":10}","{""Computed"":10}",10,0,1.0,1.0,1.0,same output/solver/certification ratio,10,0,1079.8395416693088,825.07725452502,1315.3590081663708,joint outputs / GUDHI PH additional information cost ratio
weight/bigint,integrated,warm,timing,10,10,0.046629700000266894,0.04462650000004942,0.048385174999566516,seconds,Joint-basic,8,5,5,"{""completed"":10}","{""Computed"":10}",10,0,1.0780886093570472,1.0302743680070692,1.1967715963375387,same output/solver/certification ratio,10,0,1223.545410578319,892.4140140966481,1441.6123749186295,joint outputs / GUDHI PH additional information cost ratio
weight/bigint,gudhi,warm,timing,10,10,3.819999983534217e-05,3.3299997994618025e-05,4.579999949783087e-05,seconds,Joint-basic,8,5,5,"{""completed"":10}","{""Computed"":10}",0,0,,,,same output/solver/certification ratio,10,0,1.0,1.0,1.0,joint outputs / GUDHI PH additional information cost ratio
weight/bigint,reference,warm,rss,10,10,29892608.0,29818880.0,29932544.0,bytes,Joint-basic,8,5,5,"{""completed"":10}","{""Computed"":10}",10,0,1.0,1.0,1.0,same output/solver/certification ratio,10,0,0.7790999994145497,0.7757756690478729,0.7800599058622165,joint outputs / GUDHI PH additional information cost ratio
weight/bigint,integrated,warm,rss,10,10,30361600.0,30299136.0,30449664.0,bytes,Joint-basic,8,5,5,"{""completed"":10}","{""Computed"":10}",10,0,1.018216682646213,1.011788896504455,1.022713077380123,same output/solver/certification ratio,10,0,0.7916107740310995,0.7888525399777754,0.7953354017331764,joint outputs / GUDHI PH additional information cost ratio
weight/bigint,gudhi,warm,rss,10,10,38387712.0,38300672.0,38409216.0,bytes,Joint-basic,8,5,5,"{""completed"":10}","{""Computed"":10}",0,0,,,,same output/solver/certification ratio,10,0,1.0,1.0,1.0,joint outputs / GUDHI PH additional information cost ratio
certificate/exhaustive,reference,cold,timing,10,10,1.9505781999996543,1.858064199999717,1.9856541499984814,seconds,Joint-certified,8,5,5,"{""completed"":10}","{""Computed"":50}",10,0,1.0,1.0,1.0,same output/solver/certification ratio,0,0,,,,joint outputs / GUDHI PH additional information cost ratio
certificate/exhaustive,integrated,cold,timing,10,10,2.0060909499989066,1.960489074997895,2.071069150000767,seconds,Joint-certified,8,5,5,"{""completed"":10}","{""Computed"":50}",10,0,1.0122191139591172,0.9919639183977338,1.1147247556459963,same output/solver/certification ratio,0,0,,,,joint outputs / GUDHI PH additional information cost ratio
certificate/exhaustive,reference,cold,rss,10,10,31598592.0,31509504.0,31679488.0,bytes,Joint-certified,8,5,5,"{""completed"":10}","{""Computed"":50}",10,0,1.0,1.0,1.0,same output/solver/certification ratio,0,0,,,,joint outputs / GUDHI PH additional information cost ratio
certificate/exhaustive,integrated,cold,rss,10,10,32020480.0,31916032.0,32062464.0,bytes,Joint-certified,8,5,5,"{""completed"":10}","{""Computed"":50}",10,0,1.0148529656828953,1.0095961200752994,1.0173538374505253,same output/solver/certification ratio,0,0,,,,joint outputs / GUDHI PH additional information cost ratio
certificate/exhaustive,reference,warm,timing,10,10,0.0407382499997766,0.040097025001159636,0.04210335000061605,seconds,Joint-certified,8,5,5,"{""completed"":10}","{""Computed"":10}",10,0,1.0,1.0,1.0,same output/solver/certification ratio,0,0,,,,joint outputs / GUDHI PH additional information cost ratio
certificate/exhaustive,integrated,warm,timing,10,10,0.04359275000024354,0.04217267500189337,0.04616329999771551,seconds,Joint-certified,8,5,5,"{""completed"":10}","{""Computed"":10}",10,0,1.0498846126579933,1.0295387703574073,1.1149205335948018,same output/solver/certification ratio,0,0,,,,joint outputs / GUDHI PH additional information cost ratio
certificate/exhaustive,reference,warm,rss,10,10,29763584.0,29694976.0,29884416.0,bytes,Joint-certified,8,5,5,"{""completed"":10}","{""Computed"":10}",10,0,1.0,1.0,1.0,same output/solver/certification ratio,0,0,,,,joint outputs / GUDHI PH additional information cost ratio
certificate/exhaustive,integrated,warm,rss,10,10,30183424.0,30057472.0,30230528.0,bytes,Joint-certified,8,5,5,"{""completed"":10}","{""Computed"":10}",10,0,1.0114783680691375,1.0062151133622004,1.0169556634687786,same output/solver/certification ratio,0,0,,,,joint outputs / GUDHI PH additional information cost ratio
failure/float_exact_unavailable,reference,cold,timing,10,0,,,,seconds,Joint-certified,8,5,5,"{""completed"":10}","{""Unavailable"":50}",0,0,,,,same output/solver/certification ratio,0,0,,,,joint outputs / GUDHI PH additional information cost ratio
failure/float_exact_unavailable,integrated,cold,timing,10,0,,,,seconds,Joint-certified,8,5,5,"{""completed"":10}","{""Unavailable"":50}",0,0,,,,same output/solver/certification ratio,0,0,,,,joint outputs / GUDHI PH additional information cost ratio
failure/float_exact_unavailable,reference,cold,rss,10,0,,,,bytes,Joint-certified,8,5,5,"{""completed"":10}","{""Unavailable"":50}",0,0,,,,same output/solver/certification ratio,0,0,,,,joint outputs / GUDHI PH additional information cost ratio
failure/float_exact_unavailable,integrated,cold,rss,10,0,,,,bytes,Joint-certified,8,5,5,"{""completed"":10}","{""Unavailable"":50}",0,0,,,,same output/solver/certification ratio,0,0,,,,joint outputs / GUDHI PH additional information cost ratio
failure/float_exact_unavailable,reference,warm,timing,10,0,,,,seconds,Joint-certified,8,5,5,"{""completed"":10}","{""Unavailable"":10}",0,0,,,,same output/solver/certification ratio,0,0,,,,joint outputs / GUDHI PH additional information cost ratio
failure/float_exact_unavailable,integrated,warm,timing,10,0,,,,seconds,Joint-certified,8,5,5,"{""completed"":10}","{""Unavailable"":10}",0,0,,,,same output/solver/certification ratio,0,0,,,,joint outputs / GUDHI PH additional information cost ratio
failure/float_exact_unavailable,reference,warm,rss,10,0,,,,bytes,Joint-certified,8,5,5,"{""completed"":10}","{""Unavailable"":10}",0,0,,,,same output/solver/certification ratio,0,0,,,,joint outputs / GUDHI PH additional information cost ratio
failure/float_exact_unavailable,integrated,warm,rss,10,0,,,,bytes,Joint-certified,8,5,5,"{""completed"":10}","{""Unavailable"":10}",0,0,,,,same output/solver/certification ratio,0,0,,,,joint outputs / GUDHI PH additional information cost ratio
failure/entries0,reference,cold,timing,10,0,,,,seconds,Topology,0,5,5,"{""completed"":10}","{""ResourceExhausted"":50}",0,0,,,,same output/solver/certification ratio,0,0,,,,same topology ratio
failure/entries0,integrated,cold,timing,10,0,,,,seconds,Topology,0,5,5,"{""completed"":10}","{""ResourceExhausted"":50}",0,0,,,,same output/solver/certification ratio,0,0,,,,same topology ratio
failure/entries0,reference,cold,rss,10,0,,,,bytes,Topology,0,5,5,"{""completed"":10}","{""ResourceExhausted"":50}",0,0,,,,same output/solver/certification ratio,0,0,,,,same topology ratio
failure/entries0,integrated,cold,rss,10,0,,,,bytes,Topology,0,5,5,"{""completed"":10}","{""ResourceExhausted"":50}",0,0,,,,same output/solver/certification ratio,0,0,,,,same topology ratio
failure/entries0,reference,warm,timing,10,0,,,,seconds,Topology,0,5,5,"{""completed"":10}","{""ResourceExhausted"":10}",0,0,,,,same output/solver/certification ratio,0,0,,,,same topology ratio
failure/entries0,integrated,warm,timing,10,0,,,,seconds,Topology,0,5,5,"{""completed"":10}","{""ResourceExhausted"":10}",0,0,,,,same output/solver/certification ratio,0,0,,,,same topology ratio
failure/entries0,reference,warm,rss,10,0,,,,bytes,Topology,0,5,5,"{""completed"":10}","{""ResourceExhausted"":10}",0,0,,,,same output/solver/certification ratio,0,0,,,,same topology ratio
failure/entries0,integrated,warm,rss,10,0,,,,bytes,Topology,0,5,5,"{""completed"":10}","{""ResourceExhausted"":10}",0,0,,,,same output/solver/certification ratio,0,0,,,,same topology ratio
general_chain/gudhi_na,gudhi,cold,timing,10,0,,,,seconds,Topology,0,5,5,"{""completed"":10}","{""NotApplicable"":50}",0,0,,,,same output/solver/certification ratio,0,0,,,,same topology ratio
general_chain/gudhi_na,gudhi,cold,rss,10,0,,,,bytes,Topology,0,5,5,"{""completed"":10}","{""NotApplicable"":50}",0,0,,,,same output/solver/certification ratio,0,0,,,,same topology ratio
general_chain/gudhi_na,gudhi,warm,timing,10,0,,,,seconds,Topology,0,5,5,"{""completed"":10}","{""NotApplicable"":10}",0,0,,,,same output/solver/certification ratio,0,0,,,,same topology ratio
general_chain/gudhi_na,gudhi,warm,rss,10,0,,,,bytes,Topology,0,5,5,"{""completed"":10}","{""NotApplicable"":10}",0,0,,,,same output/solver/certification ratio,0,0,,,,same topology ratio
